-- phpMyAdmin SQL Dump
-- version 5.0.2
-- https://www.phpmyadmin.net/
--
-- Host: 127.0.0.1
-- Waktu pembuatan: 27 Bulan Mei 2021 pada 07.54
-- Versi server: 10.4.11-MariaDB
-- Versi PHP: 7.3.16

SET SQL_MODE = "NO_AUTO_VALUE_ON_ZERO";
START TRANSACTION;
SET time_zone = "+00:00";


/*!40101 SET @OLD_CHARACTER_SET_CLIENT=@@CHARACTER_SET_CLIENT */;
/*!40101 SET @OLD_CHARACTER_SET_RESULTS=@@CHARACTER_SET_RESULTS */;
/*!40101 SET @OLD_COLLATION_CONNECTION=@@COLLATION_CONNECTION */;
/*!40101 SET NAMES utf8mb4 */;

--
-- Database: `db_percetakan`
--

-- --------------------------------------------------------

--
-- Stand-in struktur untuk tampilan `faktur`
-- (Lihat di bawah untuk tampilan aktual)
--
CREATE TABLE `faktur` (
`no_faktur` varchar(20)
,`tanggal` date
,`id_pelanggan` varchar(20)
,`id_toko` varchar(20)
,`nik` varchar(20)
,`id_metode_bayar` varchar(100)
,`ongkir` double(20,0)
,`total` double(20,0)
);

-- --------------------------------------------------------

--
-- Stand-in struktur untuk tampilan `faktur_jual`
-- (Lihat di bawah untuk tampilan aktual)
--
CREATE TABLE `faktur_jual` (
`nama_toko` varchar(50)
,`alamat_toko` text
,`nohptoko` varchar(15)
,`no_faktur` varchar(20)
,`tanggal` date
,`metodebayar` varchar(50)
,`nama_plg` varchar(50)
,`nohp` varchar(15)
,`alamat` text
,`nama_produk` varchar(50)
,`nama_kategori` varchar(100)
,`jumlah` int(4)
,`harga` float
,`total` double
,`ongkir` double(20,0)
);

-- --------------------------------------------------------

--
-- Stand-in struktur untuk tampilan `relasi_detailfaktur`
-- (Lihat di bawah untuk tampilan aktual)
--
CREATE TABLE `relasi_detailfaktur` (
`iddetail` int(11)
,`no_faktur` varchar(20)
,`id_produk` varchar(20)
,`id_kategori` int(11)
,`id_toko` varchar(20)
,`jumlah` int(4)
,`harga` float
);

-- --------------------------------------------------------

--
-- Struktur dari tabel `tb_detailfaktur`
--

CREATE TABLE `tb_detailfaktur` (
  `iddetail` int(11) NOT NULL,
  `no_faktur` varchar(20) NOT NULL,
  `id_produk` varchar(20) NOT NULL,
  `jumlah` int(4) NOT NULL
) ENGINE=InnoDB DEFAULT CHARSET=latin1;

--
-- Dumping data untuk tabel `tb_detailfaktur`
--

INSERT INTO `tb_detailfaktur` (`iddetail`, `no_faktur`, `id_produk`, `jumlah`) VALUES
(8, 'TR-20210222123256', 'PD-20210218110248', 1),
(9, 'TR-20210222020353', 'PR-20210218110643', 2),
(10, 'TR-20210222022341', 'PR-20210218105444', 1),
(11, 'TR-20210222022654', 'PR-20210218105533', 1),
(12, 'TR-20210222053240', 'PD-20210218110248', 7),
(14, 'TR-20210406015532', 'PD-20210218110201', 2);

-- --------------------------------------------------------

--
-- Struktur dari tabel `tb_faktur`
--

CREATE TABLE `tb_faktur` (
  `no_faktur` varchar(20) NOT NULL,
  `waktu_penjualan` datetime NOT NULL,
  `waktu_kadaluarsa` datetime NOT NULL,
  `alamat_penerima` text NOT NULL,
  `ongkos_kirim` double(20,0) NOT NULL,
  `total_bayar` double(20,0) NOT NULL,
  `id_metode_bayar` varchar(100) NOT NULL,
  `status` varchar(50) NOT NULL,
  `bukti_pembayaran` text NOT NULL,
  `id_pelanggan` varchar(20) NOT NULL,
  `nik` varchar(20) NOT NULL
) ENGINE=InnoDB DEFAULT CHARSET=latin1;

--
-- Dumping data untuk tabel `tb_faktur`
--

INSERT INTO `tb_faktur` (`no_faktur`, `waktu_penjualan`, `waktu_kadaluarsa`, `alamat_penerima`, `ongkos_kirim`, `total_bayar`, `id_metode_bayar`, `status`, `bukti_pembayaran`, `id_pelanggan`, `nik`) VALUES
('TR-20210222020353', '2021-02-21 19:03:53', '2021-02-22 19:03:53', 'batu taba', 10000, 0, '2', 'Upload', '1613934261.png', 'C-20210216044748', '1306070907970001\r\n'),
('TR-20210222020621', '2021-02-21 19:06:21', '2021-02-22 19:06:21', '-', 10000, 0, '2', 'Batal', '-', 'C-20210216044748', '1306070907970001\r\n'),
('TR-20210222022341', '2021-02-21 19:23:41', '2021-02-22 19:23:41', 'batu taba', 10000, 0, '2', 'Upload', '1613935445.png', 'C-20210216044748', '1306070907970001\r\n'),
('TR-20210222022654', '2021-02-21 19:26:54', '2021-02-22 19:26:54', 'tanah nyariang', 10000, 0, '2', 'Upload', '1613935638.png', 'C-20210216044748', '1306070907970001\r\n'),
('TR-20210222053240', '2021-02-21 22:32:40', '2021-02-22 22:32:40', 'batu taba', 10000, 7000, '2', 'Verifikasi Pembayaran', '1613946782.png', 'C-20210216044748', '1306070907970001\r\n'),
('TR-20210222123256', '2021-02-21 17:32:56', '2021-02-22 17:32:56', 'jalan bahder johan\r\n', 10000, 1000, '2', 'Selesai', '1613928887.png', 'C-20210216044748', '1306070907970001\r\n'),
('TR-20210406015532', '2021-04-06 13:55:32', '2021-04-07 13:55:32', 'asdasd', 10000, 40000, '1', 'Verifikasi Pembayaran', 'none', 'C-20210216044748', '1306070907970001\r\n');

-- --------------------------------------------------------

--
-- Struktur dari tabel `tb_karyawan`
--

CREATE TABLE `tb_karyawan` (
  `nik_karyawan` varchar(20) NOT NULL,
  `nama_karyawan` varchar(100) NOT NULL,
  `jabatan` varchar(100) NOT NULL,
  `username` varchar(100) NOT NULL,
  `password` varchar(100) NOT NULL,
  `id_toko` varchar(20) NOT NULL
) ENGINE=InnoDB DEFAULT CHARSET=utf8mb4;

--
-- Dumping data untuk tabel `tb_karyawan`
--

INSERT INTO `tb_karyawan` (`nik_karyawan`, `nama_karyawan`, `jabatan`, `username`, `password`, `id_toko`) VALUES
('1306070907970001', 'sultann', 'Karyawan', 'sultan', '123', 'PT-20210218044528');

-- --------------------------------------------------------

--
-- Struktur dari tabel `tb_kategori`
--

CREATE TABLE `tb_kategori` (
  `id_kategori` int(11) NOT NULL,
  `nama_kategori` varchar(100) NOT NULL
) ENGINE=InnoDB DEFAULT CHARSET=latin1;

--
-- Dumping data untuk tabel `tb_kategori`
--

INSERT INTO `tb_kategori` (`id_kategori`, `nama_kategori`) VALUES
(7, 'besar'),
(8, 'kecil');

-- --------------------------------------------------------

--
-- Struktur dari tabel `tb_metodebayar`
--

CREATE TABLE `tb_metodebayar` (
  `id_metode_bayar` int(2) NOT NULL,
  `metodebayar` varchar(50) NOT NULL
) ENGINE=InnoDB DEFAULT CHARSET=utf8mb4;

--
-- Dumping data untuk tabel `tb_metodebayar`
--

INSERT INTO `tb_metodebayar` (`id_metode_bayar`, `metodebayar`) VALUES
(1, 'COD'),
(2, 'Transfer / Pembayaran Online');

-- --------------------------------------------------------

--
-- Struktur dari tabel `tb_pelanggan`
--

CREATE TABLE `tb_pelanggan` (
  `id_pelanggan` varchar(20) NOT NULL,
  `nama_plg` varchar(50) NOT NULL,
  `jenkel` varchar(10) NOT NULL,
  `tgl_lahir` date NOT NULL,
  `email` varchar(50) NOT NULL,
  `nohp` varchar(15) NOT NULL,
  `kodepos` varchar(10) NOT NULL,
  `alamat` text NOT NULL,
  `tgl_daftar` date NOT NULL
) ENGINE=InnoDB DEFAULT CHARSET=latin1;

--
-- Dumping data untuk tabel `tb_pelanggan`
--

INSERT INTO `tb_pelanggan` (`id_pelanggan`, `nama_plg`, `jenkel`, `tgl_lahir`, `email`, `nohp`, `kodepos`, `alamat`, `tgl_daftar`) VALUES
('C-20210216044748', 'febryan azizi', 'Laki-laki', '2002-02-09', 'febranazizizi@gmail.com', '081534091729', '26191', 'tanah nyariang', '2021-02-16');

-- --------------------------------------------------------

--
-- Struktur dari tabel `tb_produk`
--

CREATE TABLE `tb_produk` (
  `id_produk` varchar(20) NOT NULL,
  `id_toko` varchar(20) NOT NULL,
  `nama_produk` varchar(50) NOT NULL,
  `id_kategori` int(11) NOT NULL,
  `merk` varchar(255) NOT NULL,
  `berat` float NOT NULL,
  `deskripsi` longtext NOT NULL,
  `tanggal` datetime NOT NULL
) ENGINE=InnoDB DEFAULT CHARSET=latin1;

--
-- Dumping data untuk tabel `tb_produk`
--

INSERT INTO `tb_produk` (`id_produk`, `id_toko`, `nama_produk`, `id_kategori`, `merk`, `berat`, `deskripsi`, `tanggal`) VALUES
('PR-20210218105444', 'PT-20210218044528', 'Spanduk', 7, '-', 1000, '<p>          <img src=\"data:image/jpeg;base64,/9j/4AAQSkZJRgABAQAAAQABAAD/2wBDAAYEBAUEBAYFBQUGBgYHCQ4JCQgICRINDQoOFRIWFhUSFBQXGiEcFxgfGRQUHScdHyIjJSUlFhwpLCgkKyEkJST/2wBDAQYGBgkICREJCREkGBQYJCQkJCQkJCQkJCQkJCQkJCQkJCQkJCQkJCQkJCQkJCQkJCQkJCQkJCQkJCQkJCQkJCT/wgARCAJYAlgDAREAAhEBAxEB/8QAGwABAAIDAQEAAAAAAAAAAAAAAAECAwQFBgf/xAAbAQEAAwEBAQEAAAAAAAAAAAAAAQIDBAUGB//aAAwDAQACEAMQAAAB9bygAAAAAAAAAAAAAAAAAAAAAAAAAAAAAAAAAAAAAAAAAAAAAAAAAAAAAAAAAAAAAAAAAAAAAAAAAAAAAAAAAAAAAAAAAAAAAAAAAAAAAAAAAAAAAAAAAAAAAAAAAAAAAAAAAAAAAAAAAAAAAAAAAAAAAAAAAAAAAAAAAAAAAAAAAAAAAAAAAAAAAAAAAAAAAAAAAAAAAAAAAAAAAAAAAAAAAAAAAAAAAAAAAAAAAAAAAAAAAAAAAAAAAAAAAAAAAAAAAAAAAAAAAAAAAAAAAAAAAAAAAAAAAAAAAAAAAAAAAAAAAAAAAAAAAAAAAAAAAAAAAAAAAAAAAAAAAAAAAAAAAAAAAAAAAAAAAAAAAAAAAAAAAAAAAAAAAAAAAAAAAAAAAAAAAAAAAAAAAAAAAAAAAAAAAAAAAAAAAAAAAAAAAAAAAAAAAAAAAAAAAAAAAAAAAAAAAAAAAAAAAAAAAAAAAAAAAAAAAAAAAAAAAAAAAAAAAAAAAAAAAAAAAAAAAAAAAAAAAAAAAAABza7dK2IAAAAAAAAAAAAAAAAAAAAAAAAAAAAAAAAAAAELaNb6NdOzphkVAAAAAAAAAAAAAAAAAAAAAAAAAAAAAAAAAAGlGnOpr3tObGtxs99y2fRtkAAAAAAAAAAAAAAAAAAAAAAAAAAAAAAAABiW4+e+1anTtiANGuvPrp0NMd5QAAAAAAAAAAAAAAAAAAAAAAAAAAAAAADHlfk21lHXvlZUAAQt5SNdbXHzekdSk9SHSiN6G7VkAAAAAAAAAAAAAAAAAAAAAAAAFLTz2YXc2lee88umn7OHOvbs+jyZFQAAAODd8w3iqcJnBUGxDehtm1VsxOzEZzOZoZoZS5mheFzKsiqQAAAAAACBZRNZVKTNJikzSykznMYzONmdpytGN2VoytBIRWZFOrHJ7GMe7xgAAADmWfG+hsGU0TKbRmKlAQQCSQWJJLVnDaKH0D5L0PW+Ltei1ogmUASBCJEBMCsqygJIMetL1mJiJiYWiRS0XrMCV85mql5x2mkzlrF611tb5vp/Or63OAAAANWXxfpax0DIaJBkM5nJM+U+h8fWDQ7K8b0cwALVnHaMUPafOdvtPnejazmKJgAAPMe1zYtK9Hl0xzHF78uvx68jtp1uLTV1p2eHXzPq8/ovO3+b/UcmzjOWk+q8fXxH0PP63w9uZ2153RT2/g7/ADv6bn7fm6fRfmO+kzAlkrFojDe1ZX+t82PRxAAAAGM+K9TULG+ZDTMRYkzw7XDfNVxfSp6vw9/K+3gAALVa0vTeL1e9+X69/CWYAADyPu8uvtTJWaWa961m21m5nVTrcWvofN08L9Dze38Dp8D9Fzwger8jXV2rwfRzoZ6TWHL7aYrPsXwvqRIZa1mGG9qSsm32nlV68wAAAAPivU0SSxumQwGAHY4b/YfgPSJ+Yfb+dv8APbyfvYAAC9Z1pjpcev0r430OtySzAAAcP1MMGtd7mmJtMRp7tzBqbQN/mtjurLzPrYdDmvJjNHqp2uDTLS3A9HHscWkxbX1j0/i9VoZK1GO1qSiVol9x5MdFAAAAAPi/S0JSSWNssVNc6vDf7F+f+mPm/wBj5/F9LPnddbkkkgvWcFopD6l8R6fovNszkAACLQki0XrExMSlOc10iakrZSKzYCSVYm0EEKrWvWswFLWpKAWI+78mNagAAAAfF+loSkkksbJIFJ6PBaTl99cd4kkkEkkwQwy9v832e3+e6c2UzQAAOX7HNrdNZqxWbHNfDrRM7fLfn9lL0bfPp1PL6AABZWJQtBJaKwSVlS1oBBYr975K9QAAAAPi/U0CwMx1jYNc2STCYDYNQ6xjKGM3jzQL1nDMdjztvpPyHf0+eYzSTAARdXSKyUshW8WiZrNb0msrxfC4AAsrBE2lVCYRJKgtaCAWhT77yV6gAAACD4p1NUkHaM5vmczmkdk1ip5c+sHFNo1iD5kSXrOOYofT/jPS9P5ekZJJgABFrVBEpgBIAImJrKYRMzVASQSCJQmswiyyCC0K/e+TGlQAAABjW+K9VdYsAbpJrlixcgkoXKmQxGyaZIL1YJep8Xp+h/K9m3lKiYADB0UwbUhZWYmJlMTElYSi0TE1RakxaMlZraszMQi8KzZCs47RkraiJNvn3EEwr935UbUAAAAGlL430sJJIBJ3eDXHavX4tdTeJVms10jDeu3z30+ivF7swJBes45iaz9U+L9L0Pm3nIABr9FMelZiSaTMItBCSZmsxeswhCmlMtL1mAlWYyUnFMTE3rIgz52mt4QtKFfufKjooAAAAOVZ8i6GIEgkG5itKpMThuzVUsz0jDeayx2iAADJVr2el8jp+l/I9m5lLMAMW1aXgBClptEUstWYtGxz6WrMxUARKYRKYVmwAtFUqrJQQgR9t5tezIAAAAees+V9CgJAJBIABYkAAAAQQxS+mfJ+h7Hw9poVAAAAAAAAARKSsyiQABKoiRaEQiPr+Cvp4AAAADyV3j9o4cyJABIAAJBIAAABkrOKY2MbfWfjfR7nnXZgBCRKITKAAAAAKzYAAACQqlAW1PX5c/oZx7fKAABjW0K6a1b+evHN3w8npAEgEnSPanz89yeSPVnAOCAAAADJVhl1+LT6x8b6HS5bM2X1Muh9fwWtGI5iZRJVNkdYFML834r0K81hWbJQATAAASBNQMHuc3H7rU9THYmnQvnkVHEz6IMkxv3z2VByLOLZxbTyLRyrMQBvnpDyJ7w8YeqOCcYAAAAAz1a8u7wa/V/je7f5r7Huc/S+v4YMJwyTKYy53iCKuN8L6Lzt4lAAAJgAJIJvWOulevJ3517Mo7qJrrrc+muOJk7enOAAAAINCXMlzbOfM8+WjZoo1LKkgAAAAAGWrHLrcmn1T4/u7HDpHXnawQAAJDHnNuPUACQJNqRtV0UjejqrHRnHVSOmqagAAAAAAAAAAAACDVNOzVNaWtLAYE60qSwGNGOZxoqUmbUiJnNnP0H5vr9F5uqshMLEwsi9UovC0TpEaQvEbVaVjWGtY3hNQAAAAAAABza7dK2IAAAAAAAAAAAAAAAAAAAAAAAAAAAAAAAAAAAELaVb6FdOzphkVAAAAAAAAAAAAAAAAAAAAAAAAAAAAAAAAAAGlGnOpr3tObHFuNTfctTo2xAAAAAAAAAAAAAAAAAAAAAAAAAAAAAAAAAwrcjPfatTp2xAGjGvPpp19MM6oAAAAAAAAAAAAAAAAAAAAAAAAAAAAAAGNbk02k698bKgACFvKRrk0z81enUrPUiOjDdqzgAAAAAAAAAAAAAAAAAAAAAAAAE5WYXc+kcujlvqe1z82uvZ9DkyKgAAAeeu+ab1xLUMxUiWxVuw3YbUNuGzDZM8M0MxlM0LwylgAAAAAAAAAABFpzKSpKkzlZSZyszljacrRjZleMbRlYSitpFejK3sYve4gAAABy7PjnQ2iTSNg2TIUIKggFiSSSSS9ZxTEnv/AJXv9T5GlkRKSUiJBJATCCAIRWZiyqc5VmVUzCJgSCAmQQJhWZx3nHM5KxkrXW1tm+n4K+tzAAAADVl8X6WsdIk0QZDZMpJlznueZdDQ6o5ndSAAXrOK0Y4e1+a7fZ/P9GzSWaYAADzfs82G9elya4rRyu6nT478vsp1OS+ptXq8ennfTw9F5m/zX6vj3+ayk+k863kPay9V4+uh0V5PbT23g7+F+gx6vFf6H8x3Y5tCIlkqvFcN7Vmb/W+ZHo4gAAADGfFepqFjfLmkULkmU63Hbbytyu6npvE28r72AAAtVrS9N4nV735fr38ZZgAAPI+9y4NaXztKOd1Uz0vaGpvTp8enoPM18L9Fy+28Dq8D9FzkJeq8fXm9dNDprq3japOSjz3p55aW+u/DenEhlrUY7Wxysm32flV7MwAAAAPivU0SSxulzXMJJ1+K/wBe+E9FE/Kfu/N7HBp5b3cIAAL1a0upw6/SfjvQ6vNLIAAB5/1+fW0rv4WgtDR6Y3uW2j00vWejy2w3JnynsYb/AD2mGWjndNely22MrcH0cutx6Xi2pvX2Hz/ZYvWswx2tSyC0S+48mOigAAAAHxfpaEpJLm0WKmsdbhv9i/P/AEx4D6vg4fqZ8jvpYkkkF6zgmIifqfxHp9/zrMwAAAESJlEJIAJlCAEJiZFlYIm0EWC1YtECssdrQJTB935Ma1AAAAA+MdLnykkksbQBbKe55eiXB9PPFrAkkElhBDFL3PzXb7X5/ozZSoAAHM9jn1+il8mvqzZXpatZbvLpz+zK9Z2ebTqeX0AASFRE2gStFUJIljtaAQWI+98mL1AAAAA+L9TQLAudYzGAymU1jAbJrm+VMZU6h5sktVhl2/M3+j/I93SwmM0kwAFOiuOYiZlM1Y9IvnNonDpTJW1TPz3AAFlYIm0qzUBEqSWtBALQp995K9QAAABB8U6mqSDulToG+ZznncNYxnmD60cIzlTRPnRYvWcVois/Uvi/S9F5l4zSTAACtrQkAEACRACSAWVgEwAFZtEoVWtBBaFfvfJjSoAAAAxnxXqaxYEnVJNIuSXILmsbhiNo0zpHFJBes4LR6zwuv6D8x1bWFlYmAAw70w61iLyikrxJFZWpKYrKxVEkGSkxepJEWITBE45jJWaWSbOGpMEwr935UbUAAAAGnL410sJJIJB2eHSLR0+O+vtWtlqzkNPWu3lbT2ryeygkElqzimMmdvq3xXo93guzTAAa3Vnj1qiVbUvCFoQlMWrNL1tSRJS9ctLVmIBW0ZaTitE1m1ZmVYbGV70tAtKFfufKjooAAAAOXZ8h6GIEgkHR5rRaLVmLRjszUnW1jaxY9Ioa+oQADJVry9X4vT9G+V7NvKWYAYtq0vEkCJpaLVmt6zWa2ja59LUCsrQESEwiSbQTFZglBC0TBMIEfbebXsyAAAAHn7PlXQoCQCSQACSSQAAACYRDHM/UPj+/1nj7TkAAAAAAAAAESmEWtEAABKoiZJhEIj7Dgr6WAAAAA8pd43aOHMyACQACQCQAAAAZKzhmN7nv9Z+K9Hr8lmQAAAAAAAAAVtaCYAAESkqlAW1PY5M/o5x7PMAABjW59dNet/OaRz9sPJ6QJAJBvnrjw57k8gemOIcYEgAAAyVa9nf87b6t8d3bvNZRk9LPf+q4pvFDQhMs0MUqw6UhXG3N+O7nPYCtrQCYAAASJqAMHuc3H7bU9XHYtToWzyKjiZ9EGSY6F89hTCcKziWnjXciY0bAB0z1J4s94eOPYnmzgEgAAAAzUnWtHp/L6PqXyPZt89tn3uXofW8Y1zggsVMh6IA4/wAL6NfM3iUAAEwAAkgmaxvEdmbsyr35x35RrTXW59NccTJ29OcAAAAaxy7OZZzjnWnQtHPNSypIAAAAAAM1GGzveft9U+R7ely3t6OM3JABEExIYsbPN2JIAEgTDasb1dFI6s29K9dHTnG9QAAAAAAAAAAAAKmqadmnLWNaWqa8sUtdOGWOYwxOGYonEUmMlUGzlb6X8r2+l8vWKzIkktC0ReI0hYtEa1WhpVqjWrWsa1bVjeE1AAAAAAAAAAAAAAAAAAAAAAAAAAAAAAAAAAAAAAAAAAAAAAAAAAAAAAAAAAAAAAAAAAAAAAAAAAAAAAAAAAAAAAAAAAAAAAAAAAAAAAAAAAAAAAAAAAAAAAAAAAAAAAAAAAAAAAAAAAAAAAAAAAAAAAAAAAAAAAAAAAAAAAAAAAAAAAAAAAAAAAAAAAAAAAAAAAAAAAAAAAAAAAAAAAAAAAAAAAAAAAAAAAAAAAAAAAAAAAAAAAAAAAAAAAAAAAAAAAAAAAAAAAAAAAAAAAAAAAAAAAAAAAAAAAAAAAAAAAAAAAAAAAAAAAAAAAAAAAAAAAAAAAAAAAAAAAAAAAAAAAAAAAAAAAAAAAAAAAAAAAAAAAAAAAAAAAAAAAAAAAAAAAAAAAAAAAAAAAAAAAAAAAAAAAAAAAAAAAAAAAAAAAAAAAAAAAAAAAAAAAAAAAAAAAAAAAAAAAAAAAAAAAAAAAAAAAAAAAAAAAAAAAAAAAAAAAAAAAAAAAAAAAAAAAAAAAAAAAAAAAAAAAAAAAAAAAAAAAAAAAAAAAAAAAAAAAAAAAAAAAAAAAAAAAH/xAA1EAABBAIABAUCBQMEAwEAAAABAAIDBAUREBITMAYUFSAhIjEWIzJAUDVBYCQzNkImNKAl/9oACAEBAAEFAv8A4Gq9xsn+FEgCxUZMmWJarmPa8f4NPajgQZNd4PY2QOrS1nQXGS/4JJKyIOsy2TBSbH7Z6jJkJpqiFyuf8Ae9sYfddIY6JcWtDR7iARlIYq7ZMZ5XGxZvINTPE8wTPE1cqPOUpE3I1HISxu/k9e2x1WwRUnTJkbYx2c23moC3KpIEJSgInowFcjwuZwTLUzE3KW2pubuBDxBaQ8RSoeIkPEESGerFDN1CvV6SGUpleo1ChbrleYhXVj/baWlpaWlpaWlpaXxw2vlaK5V9KLkG7UsbHL+3ayQ5qEw1JDIpIg9aITZHNTZQV91yhdMLprkK0ewE4cKLuejGdt/aGSMIaKL2tQkY5OeyMbGg4OD5I40PkAhy23fDaJ4Bq3rge3abz1p/uo5OZOaHhzCwoEhCRAg8IIjPN+H5l6BMruKkpRLQ4aWkz4cRrhh3bqVzuI9jKul83IbGNt5ew+tSwtiSerDk5I83ZmlbmZ8nJVzmRmkiu3OtNmK1V9ZY+K1cx+ItPu0Y6jbuc+rA5bxSP/06Xh6CnZia3KZWTHem4fAz+VxOKxhzDqGKGMjwd/yNzJf8mJ9gHAnaH3PbeNsm/TwjfzD4KdHr2NLisY1/qGWicckW6Vr+ge5/DCP+uqfjsZlpkvWoZcdZzFiP1HHWozmRS8/LVt+cyj6rbuVjsOknuxvlz9eCSBtKvdkwuLdE+hjf+TeIfzcv4q/qePwIx9nK4KO0qNySbE41pdgMNX89jPDLnOlxtDz9SrYdZyZ4AcSeDfue5P8Ap4DYTXcwTo9r7cMR/U9lbKyNS0/IXmmPBe7/AKlY2Tp3qx1L2MhRltSnG2LMkFIx37VN09qpTNax6UBlYqfTyFjFCbI2qFiS9WjttWMpen1MdSOPZN4bmfZx+AZUmyuEdkrFDC2Klp/hqXcOFZXoYrGenQS+GPzMXhhjlicU7GKTCA5Ja4k8W/c9yf2A6QdvgQCiNLEf1PhkMvdhvWMjZuNWyt+xqK2QoZecdnfDYK5mlAgokDhsBbWwe7rXE/Hsb3ZvaPhA74sL4ZPWsivWsgpJHzSe7aBITxww83UqQP5o/fNGDZby8jS3p1PiRzWh/wBqnLGa8vN5uP5T/wD2an6u99vaO7J7Io3TSTUIo3elN5jSkGO9Ml6U+ObG2fHSRULOPkq1bGKfXU1N0Bkwc0WSx+Gkv2KOImvup4uW5W9GYyvw+7SsRN0rdV3Y0Fob0ObQ4NYxq0OBjYVoIMaD+zHcPwHfbjhpGxZWnFJSy2Nry1s6y0ytihadcbdsdSzZ6Fhc7ZI5D/5VNK+xkuvHYzNUNq1WsdSvQZRmQq22udix9k0/LvhAkKpY6sfYP7fXDXsHck+Iv+vskuWZY3W7MkXO4tEkjQ2V4e2R7HF7nLqydTaM0plfLLI3zVgpkj4wLtpreJ+QsJY+az+Znuk0i1gJ5HHTAdRk7YuVpA5Q78vem82o1phaBGFytenCJycGlAMK+goNYvy9FjHIOjBDWItjBAZvljK5ATxHcunlpn9PubWjluxmO1FNXh6reibYpMhixteKZu6YdbhEdby0BVisyCn7WkIjSjkdFJUstkb7pSQOZf2P6uDfv8hcxTTsgnXMQhvQ2vkH+29L5W/j5X2O9DZ2UN6+dhoHsCPbyp5ccft7jbnc2W5PMBbnBdbmeWyvao7M0KilfCRbnD3TSPXUcW+4/U1YW5ySV5Nt9rwXDkfrkeVyPXK/fJIEI366cm+STfTlQ/a/37Wddy40/twdFwW1i7/momuDh/Bnt+I3f6WXE2o6ve32WlOGlUtPqTUrTJGfwUs/SHwR73SNjT8hE1eYtTLKzzUlLnObH+/HUnZG4cFQsqvE6zPNWwlVZKmcdcixlWqspSjqcN9kHmRGljsgaMlWwHt4Rs5zyNC5WqQsiZHfgkPqFfldfqNXqNUJl6GR3K1crUY2kObyn9lNCyeI46SJeYtQqPIROTJGScfPySLp3Jk3HNTK8UfDW1NiaU6l8M13KTwzaapMReiT43x+ylbkoWR4g6SikdDJ67j3T3LT71mvnK7o8lkPPv7YPMCCFjcmaTq1lsrVC8NPCaPqxMxIic3FGJekwo4rYbi2xScCdIu53fsNrmW+L4IpE7HNXTuQrz0ka+3a0CpMfUlT/D9B6d4XhTvC0qd4cvNTsPfanU7MaILVvvc205paqGRkoupZCO1GvkL6l9S+pbctuW3Lblty25Ec3Y1x2Ftcy2t9vW/2ZAKdUrvRxFFyOAxxR8N0V+F6qPhWNfhVy/C06Phi2vw1dX4cvr8P5BehZBeiZBejX0MVfavR7pUGPylWShbskBwK2tra2tra2tra2uZbW1tbW1v9pXuNk/wrYAsVGTpliWq5j2yD/Bp7ccKEc13g9jZGvrS1jBdZL/gkkrIgbM1kwUmx+2eoyZCWeoo545h/Pve2MPuukMdEuIaGj3EAjKRxVRJDNVxkfiK61R+KGFR+IKT0zJ05E2eJ/wDK69ljrCCOk6VMjbGOznGc9BlqUh8JYRIChHG9dFwX1tTLMrEzKW2JucuBN8QWUPEb0PETUPEECGdqFDM0kMpTKGQqoW65QniK5h+60tFaWlpaWlpaC+OG18rlWgFtAcykjYV/btZNvNQmGpIZNqSHfBsrgmyArQK6bV010yuU9kfYkhdWQKnK6Smz5bw0tLS0tLS0tLXa0V8haXzx1w0tLlWuGwFvgGooo9u23mqz/qUcnOnxh6ILeAcQhIF9+EUbp5fQMgvQMgrWMsUmaWlpaWkz9RHwsQ7mp1/mI9jKTWG2TNdx9nK2nU6WItSW6lfKv9ZsWJWZaTKyV83fsywXLctp+VrQ2YVRdkrlLF2zepiB17MxTWMLk/E5cMlRwD6dpnVzeTNObH4bAWehi6VOxnpMdjpcfFgcia1vIucPEpPsDeBO0Pue2/5ZOPpQ2Ex3MCAQ6Pl4j4Qk0sVIHZLLSubkutIrnzgfc/7rCSfVVP09jMh7r1ls9O3mbEXn8ZaiOXNLzste557JzUxeybbRsy3Wyuz9dlljaQyHomK6PkMb/wAl8Rjmy3ir+p4/FWqdjLYDnNXIy28Rjxvw/hoZbOL8PWpp5KNHztSC0bmUPEDXAngPue5MPp4AkIO5gnR8cT85PkauVpWTDhkbfxgPcf0lYuTp3qp/M7GSp2Z5n0bt58NJ/qVqk992lUfWtDEmPMQ1Hx5OxiS/KW6lv1Gt50rE030qWKqSUIpcFf8AOY/AyRWszh7GQtUKOVhtPw2UYoMJ5fHYjGPpVXeH7taXEYeTHrCYybGp+CcMotcT8cW/c9yf2A6QIPAtBRBCxH9T4Xs7crXLmVsX4wtrfsb8goOLDDJvuaWjw+eGlrva4/b2N7s3tB0gd8PuoXvrTfiO+vxFfU0zrE3u2g7SeNcMRN1KcL+ZnvmYeu3/AG2n8mp/u9NrZOUx1CxroJC5tqMGRP8A/bqt+r9mO7J7GNdI6zjX1g7FTRo1ZW0xQmMdjGy12S0ZI6k9OWtFNjJ66kqyRJ+ItR36eKs3p6uOsXVVozXIWYGy+AfPD7tWHm5LdR3Y5RvpR8/Sj6gjYFytTYI4102LlGzXicumwoQxtd2ddodz7Bx+OOELRl8f+XmsUHN8QR2IYsR5rzbbtiIS3YhJAdWqsjv/ACexO6zknOjt5fHRyQxQA4+/HfrWKeR8t6WODUU1xYas4kb/AAo7kh1H/wBfZYydu1FLlLk0bp5HxMtTRtFmUTx2JYpnTyvRtzGzzHmN60bU1uexE7K3XqGzLXbHmshFHxd8hYSx8V38zPc9EHZWjvl2VynQ+/8AfR3r519IBCIJTm8ycCUAvutHgWuKB+QCuXRH35Vyk+wdy47lqH9PuFNkltrK9iOajXbK2Gu623H9OLH1IrDfK1g+zXbHAKUD1NVbDS9rUfhQzOry1Z2u98xAHMxfQjyFw5APoTC3e2LcabyuILdbYFphALd/SD9JH0BfTocmvpX0g/l65m7PIhpfRsMAPEI9vKHlx7vt7vPS8r7kj2i/PzOuOJFqYCvdmriKTonzsu32pZE6xJI33H6gsJa+a8nM32v59fm6PVWpVqTf5q1KtTb/ADSdToftT2867lxp/bg6LhpBxacde8xE08w/gz2/Ebv9JLibUdXvb7IIRGlRuOpT1LDXD+ClnEQ2HD3ukZGn5CJq8xamWVsS0nTZzmoe+lUkv2ZPDcJUMbp5JcXia0V2o+hahxdKFZKgKTltb7H6wfhYvJeUdXm5xwYznPRYukxObGxrLdJ6dapMBmqBeapbbapuXSYukxGFpDho/spomTxHHPiXXtQqPIROTJGScfPSSLp3Jk3HNUdeKPhJDHMJsBRlUvhdSYC9GpKdmH24667HW4s9WqqCZ1eb1DDTW8jddkLdfM1posrkGXT2/wDcR+Fisr5ZQT9QKA6dwnZ1YGY2aJ8eNs116M0p2MmcxmOlin4ufzuW+/tbW+L4IpE7HNXTuQrz0sa+3akrQyp+EoSJ/hmqU7ws5O8N3Wp2FyDE6naYiC077++dEFqxuVfTVW4yxGueQLqSrqSrqSrqSrqSrqSrqSrqyrqypxe/t7W1tbW+3rf7IgFOp1np2IoOR8PY8o+GqaPheFfhVHwtMj4YtL8N3l+HsgvQsgjhr4Xpd5enXEadkLys6EU2nVpVVmtUn4/LNsgHY9u1tbC2FtbC2trmWytra3/8PH//xAA0EQABAwEGAwcEAgIDAQAAAAABAAIRAxITITFBUQQQMBQgIjJAYXFQYIHBM6GRsSNCoNH/2gAIAQMBAT8B/wDA0+mRiMvsoCU2oW/CLA4S1EEGD9jtYXK0GYDE8muIMhNeHCHJ1MjEYj7Ea0nJBgbi5Oqk4DAd1tQt+FZD8RgU5pbn9gBhImE2kAJcUaoAhqJJxPfBhNrQIcJCfZBBaZB5Sp+qhpOQQpuOiHDv2Q4U6lDhRqU2gwaSrwCoZIAH9qo+ADui4kyemGgGQOnPTj0UKydlYOysHYq6dshSfsrh+yHDuQ4d24Q4Y7ocNuUOGG6HDNQoM2QpNGiDRoOUqeUIlGk1xBIkhcUZIHrxzpGWjlAUeygKArI2VkbKyNlZGyshWBsrI2UDZWQrIUDvFwCBRdGaDgUXAKcJQIKtxmUCNEHA5K1jHOEByJ58SfF6ZrZMK491cHdOploknvDPnw5lsbIIZdCsfEAjLHRKrOgYaqiZwOYQqQ8hOJvIRqEVPZVDBGKdi9NaRjKaCRMqk603FWZqEfKHgdCrYuQoxigLTjKu7LFSdAJTG2802mGgwVSdZKP8oQHeA5Vj4z6ZgxGCqDxHBQj/ABjo8McSOQ6FbMJzSwgnFVHS4KmfHCszITDLhOeK8ziEDMA5ynyXwNv2g0gYlNBsYKkQW4Jv8p/Kq4vAVbMKnSjFVKQOITT4TKb5SqYkQqJzTG2gUwy4d4DkVVxcfSszCgbKAnMJMgFOH/GAe/pyomHhDo1KZJkK6JPiKFODJT6cmQmMIJKuvFaTWQ6UaXiDgnUyTLU0O1VNkCCqdOMNEaBmQqdCDJVSjaMptIgyV2coUYBCp0oEFHhoyVOjGJVGlZmVceIOHdA5lPzPz6VmY5vqOmEXkiJ745gyAejKnRSgQgVMouAUqYU4wp09AO4U7M+lBIMhXjt1eO3RJJk9Og6RGyzCHfcMY3Qj+/3/APE7SN/2mNxE+6LQCUPJpOigGN5TxiI9/wBKMvz/ALTvMT7j9KmMf8/79IUdfoOnKg6HRugh0IxVkZqAoCsgZKFCLQcwoVkbekKOv0Ec2utAO6I5z0JHcnrFHXpj1PDvzaUEO85R7lH5WuJUCZnNTnio0nJCJzUjdQAc1AzlQIgHJARqoByKIBzKMHVCMgVnjKA91A1KjQZoEYyUPlRBUbINnIr2Q5lPzPo7Alo3AXmnCIVgTl7LM4xhOSsgA/0qbZA+f0sJxj9IgWZjGf0rIxHx/lFoA9+8OTSQZCDgQHDvvMDBTmYQMZBTOELbBfhA+y/ClZ4wmkxiFOkL8KdIUmTA5fhY6BYwpOynPBaZKTsvxylAR3anmPz6O0YiUSTmVOMokoEhNMZFAkZKTMyiSVJiOjQfjZOqGyHdcDoVBRB3QB3QB3WIgIBRjMrFQccUPS1RDj9GpPtN9/ovEDxdSSDBBHqBya4tNoJrg4Wh9DdXxgAmFxEEgjoBpOQTaJOassb5ir0N8oTnFxlx9XSqFp9k0gjnVqWBOqvHakq27cq2dyrTtyrZ3Ktu3Ktu3Ktncq27cq27coVHDIprg4Aj0dy4OLmmJT4zcrLHeUo0SMsUWkZjndAeYq1TGQlGsdAi8nM92PUZ8qVWyYOSBBHLiGSJHTCpAhoCjrEo1WjVHiRojxJ0CNVx1RJOfJryMihWOoVqmcxCugfKevChR6OnULfhNcHCRyNJpxVy3ZXLdlct2Vy3ZXLdlct2Vy3ZXLdlct2QpgZDoSrYGZRqtGq7Q1dpGgR4k6BdocjUccyiSfokKFChQo5Qo5QmOIMhMrg+bAq9bur1qvW7q+Zur5m6vmbq/Zuu0MXaWrtA2K7SNl2n2Xajsu0nZdocr9+6vn7ovJzJU+jfTIxGX2UBKbULfhFgcJai0gwfsdrC5WgzAYnk1xBkIPDhDk6mRiMR9iNaTkgwNxcnVScBgO6yoWqyH4jAotLc/sBrSck2kBi4o1QBDUSTie+DCbWwhwkJ5aILTIPKfq4aTkEKTzohwzim8KdSm8K0Z4q00PIMABPeQARqi4kyemABiB9LhWTsrB2Ku3bIUn7K4euzuXZjuhw25Q4YbocM1CgzZCk0aINAyHKeULJGk1xDnCSFxRxA9eOdMAtBhWRGSsN2V23YK7bsrtuyum7K6bsrpuyum7K6bsrpuyum7K7bsrtuwV03ZXbdgrI2CsDZQNlHKQgQpAUhSpCkFSgQVIKkc4UciefEGXemAJMBXTldFOYQJPeHPhzLY2QQy6FV2MBS5pAOqqvIEhUXE5ptU2yE53jARqw9VHEERqnzaACbOp/pNLyJn+lTfabJVmXlvymksdBVc4hNpxisXuglWS1uKpOgSmi3imNLRmqLzMHVO/kCAUd0DlWPjPpqeYT3EOzVo7o/xiejwxxLUEOhWmRCcCDLsVUIJCpO8aiZhNNpw/KeJcR8KZjcJ+L8Nv2mhwGJTbVmQqUWcEz+U/lVcXqtmEymQZKfRxwTXEtIKb5CqYJEDNUiTmmtkFMdLx3gORVU+I+lZmEGBFoTxicE7+MdGi6HhDo1WGZCLHOzyTaeJJTqeIITGQTOqFIh8hNZD5TqRLgU9ptSE21qqTIEFU2EAhGi6ZBTaJm0SqlIkyE1j9ckaT90KJiFSpEAgq4cMlSokKjTLc1cEPDhl3QOZT8z8+lZmObqpBKdUJEHvjlMYoGRPUlSFKkcpCn0I7hTsz6UEgyFfuV+5FxJk9Og6Wxssx0HZ/KHzr+0ch8/sqnM4+/5VmCUBDNiiJid04QR+f0gMMff/acIdPuEzP8Az/v0hR1+h0HQY3QQ78CZVgK7GaAUBBgGSsjZEaosEQrKDBn6Qo6/QRyBIMhBwIBHRHrSjr9CO/LhnZtQQ7xWuaOORUYqJJK3xUYRKHyvyoxzUayrJiJQBylQdCiJ1Rk6oQcAvyo91Cg6FTmgCoxzUKPdYzCHMp2BPo7EkAahQDkIhXY2jGPlACYIgIU4DrSYwQJ3j+lEe3tKIgExqrGgzwRbAk594cmuLSHBTIBHfcfZTnggYgoxMQsABgo9lhipCkTMIYmYTSDopH+VAjJAgaLDHBfhZaL2AQiMAp9llooETCkbI/CEbIZ5Kzr3X+Y/Po7SklWjM/lWjsgT+k1xbkgrZRMyjiMejw7/APqUEO64E5KCiCgDuhOqxEIA7qDuoKh26Hpaohx+hjkDCpvtCV7/AESt5+oZBggj1A5MeWmU1wIkfQ3cRiQATGy4iJBHQDScgm0Sc1ZY3zFXwHlCc4uMuPqc+VKrZMHLuVKgYJRrPOqvX7q9fur1+6vX7q9fur1+6vX7q9fur1+6bxDgcTKa6RI7kdd1EhxcwxPtKfEeISFZY7ylGiRki0jMc7oDzFWqYyEo1joEXk5nuQo9VRrWfC7JAzy4hpgEadSiIaJUKOsXAZlGs0artI0CdxDjlgi4nM8mvIyKFY6hWqZzEK6B8p68KPSUqxbgckCCJGXK4Zsuzs2XZ2Ls7F2di7OxdnZsuzs2XZmbLszU2g0GQOjKtjdGq0artLV2kaBHiToFfv3RcTmfokKFHKOUKOcJji0yEyqHexUqRurStDdWhurY3V43dXzd1fM3XaGbrtLV2ge67SNl2n2XaTsu0nYLtD0ar90Xk6qSf/Dv/8QAQBEAAQMCAwMKBAMGBgMBAAAAAQACEQMEEiExBUFREBMUFTBSYXGRoSAyQIEisfA0QlBgwdEjJDM1U+FioPFy/9oACAECAQE/Af8A0Gmun+Sy0FBxGRQM/wAjlwCgnkIlFpGYTXA/yISAsROia0D4S0FSRqmmdP5AFZhOEEE8EXE5BBvHsWsJP4TBTZPzBFoXNjiubPFYDwWB3D+Jmo1vzED7p19QGrgjtW33EnyCO2Wbmkp+2av7oA90dp13aH0VtZCvRDnySfE5K1qUzUNCm2ANT4oADsmajsIHBYRwWALmwubHFc34rmysBWArCeCwO4LA7goPLI4/RYhxRqsGpHqukUuI9Qjd0d7h6hG+t++F1jbd4I7VtePsUdsW/En7I7bobgfb+6O3Ke5pXXv/AIe668q7mhHbNx4D7I7UuT+97BG9rnVxXOvOpJ5JUrNRxRdwVC6rUwWscQDwWxG5PPkOzZ8w+kOoPjy3zYuHjxX7/wB1JGi5x3E+q513E+q56p3iufqd4rn6neK6RV7x9SukVe8fUrpFXvH1K5+p3iufqd4rnqneK51/H3WN3E+qk8VPw827gfROBBgprC7QFYHDUJjC45AnyEqDMRmnNIMHJMY5/wAoJ8s0QQYKc1w1EINcRIGXKAo5C7cEBybG/wBAniezHZ16opUzUIkASuv6X/GV19S/4yrPadO5eWNBBAnP4nCQVM58m1mRXniB7KsIeU/XsNnNZzNao9oJbGqpildUqhwBpaJkLZlEVa8PzaMytqUWU6oNPIOEhVLBjrFtVgzAk+I3qhSYbKq8jMEZqjYMrWAc0fjzI4mCrOm19Cs5wkgZe6thTZZms5gcQYzVe4FSAGAeSvKlChcczzIjLzW0KAt65YzROuXULFtVuoAWW0bQkj8Qn1Wwv2U+auts1K9I0y0AFVHG0tRzDZ0/+pl90q8pPiIW1qPO3lKnxCv77oIbSoj+yu9oG7czKI91tWz6RRy+YZhWX+2O8igPgLp5AIRWymxbDxn8/pctSYC2g9ptqgBGnELZdQNtKYJAy4jiUHEiQZVt/udb426Rwy5Nss/C13AkK4GYKO49hstwFCuXCRA/qqFVt1Sfb024Drlv8CtmUHdGqvbqcgr23cLKmXatMfYrpXRm2790QfLJXFtzFrWDflJBHlkhX6PaUKo3E+mcp9EMp16lP5XAEe8q1qCns8ucMX4lVqsqEYGBscFc1rdt6G1KeeWc/wBFtFr213ioZKvf9sHkFsY4bMuOma2D+ynzV5tc3FPm8MLZ+1nUYo1RI91d2zGXlKq0Zkq7yv6P3W063R7llciRBC240BtOOKvrvo1WnPymQfZXFEUrWqG7wShyEonkA38hViP8u3yH0u0v2Wr5KAoC2fd0W21NrngEbiVZPD9o1SDIO8fGMiRx5NoU8du4cM/RVxLUdOws7ttFj6dQSHRvQvqVJpFsyCd5M5eCq3QfQZQAiMz4lW9wKdKpRInF7K4uuepU2R8o9V1gTaG1I8j4KrdY7dtCMxOao7RLLZ1s4TOit7yk2gaFVpIJnJV3UMuZaR5lX910mqaoEK9uhckOiCBB8VS25TbTFN1OYV7th1ZnNMEBbP2sLWmaZbOau9q0q1I0204J3pu3GZY6cnwVXajqtw2sRkNAtoX3SqgqNEQqW3vwxXZJV/tPpWEAQAZW0to9Lww2ITNqkWpt3Cconknl8eUq1EUWjwH5doNB2O0/2Wp5ctls22qW7HubJOuZVvY0Lcl1IQSI1Pxuyh3Dky0OhVWmWk0zukJukdhBWHeoRaRqsDt49lgI1Cwk6D2ULAT8oWE6rCdTp2pPKPgKoiKY8h2g0HY1KYqNLXCQdQuqbT/jHqV1Taf8Y9SqdMU2hrRAGg7AiRBTDIz5Nq0sNbGNCPcap4wvREZfHbVXC3cd7NPCcin48R15rB9tMvdQ4VKjzvp/0AV47Ex4E/u5cMtQm1ahZRBcSJP5hYia5zMZzPDeudqCs8AkCMvIDJUnf5epjmJEx9+KqOI5zUfLp5ZKnUdzAaCZgwNxzM/cahXjpAzOg8tN3Zz2JVP5R5DtBp9LofPk2nRx0SRqM/tvVw3RydoD8YO5Y3YcM5ef9FjOHDKxFYisbjqfdY3cVJiFjcPlPusZ4rGdCcvpCqfyjyH8BcDEjUKQRIW4g6FXVDm3OpHd+gm6EdgPqZ+Aql8g8h/Am5Et+45Nr0MhWG7I/wBFWEOkb04Z5fFS8BKDnRIHgm4t4QLiMgpfAEaKH5GP0VidrGqcTEcUMcaeCzImMkXPIghYnAkx+vBEuP7qxEZkZIOeNAgSNAvx6kbvZfiEyP1oi543BDnOHj/T1Qc5sEjL9BFr8hG6UXu1LUHOO5EnUjRYnCTCxGMUKeUq3M0mnwH5dmNewNw9lCpU4EgeAmB6JwfRc38RMmDMcCZHCIVKvVwEhxkNJM8SMiEedFAFhIcSAJ8f6FG7NV7MGQkA+Z3fbUq/r1KZcGkiGz95AlRcEOwThkRMTGcwSresXVQ0EkQcjxmDPiFz9YQ6ZALpHEAgZeIVGu6rXJB/DBjxggT9/iIJEjUIEESE9geCx2hEFXVu5pNM6ha/FSAJzMBAaDFkSozguQyEh279BRJMu/7W/wCZOA7ygb3KMoBUbsSLRPzfrcsGplGJ1UaklQCBLv1uQ89VE/vKB3tygYvmQAGWNcDOZWuWJQNMSHDEvuoy1ReTkfgKs/8AQZ5D8uzZ8w7AW1IEuA1mdYM65aZptvSpmWjw35Dh4Lo9OA2BABjy09E22pjIDhvJ0037kWB0SNDP34+aqUKdT5wDI9pmPVVKbamTs9/3+y6NRIDYyGmuU65jPNMpMbEACBA8J1WEYg4DMCPtw+MZZbj+fJtW1xN55uo18lVbBxDencR8LHAGSJWNk6IPZwWNnBY2xosbTJIzWNu4LnKcRCxMAiEHsyyROf0uzzNu3y7Nmo+oIBEFAk5HUcl/ac04tHynT+32UQSCjl/A9kn/ACwHAns2aoOB0P1BG/egQRIVeg2tTwOV3bOa4tOoWvn/AAK22VVrM5yQJ4nVbGJGOmciDp2BICLgsROiZTxalMYG5D6nOZH3/uhnmFe2YuG/+Q0Vek5pJjPeiN45Nm2fSakE5BNs7cDJg9F0Sj3B6BdEo9wegXRKPcHouiUe4PQLolHuD0C6JR7g9AuiUO4PQLolHuD0C6JR7g9AquzreoDLQPIQrigaFQ0zr9Hb7W5ulzRbMb5hWO0DXdhcIPELERqg4IEHlxE6BQSgxBoHKHEaFCoUKg3hB44oEbvpjIz/AF9llEhX1iK4luTv1qq9E03HLNHwWxK4ZULHb/z7NxABJOS2lX56uXDTt2tJMAJljXf+6fyTdjVjrAVLYjB8xnyVPZtuzQT55prQ0Q0QOQtBWFQQsRGo7QOI0KDzxXOFc54IPCxjipHH6Ag6tQKu7NtwPHirqzfRdBH68ORu0LhohrjC6zuu8V1ndd4rrO67xXWd13ius7rvFdZ3XeK6zuu8V1ndd4rrO67xVS8rVRDnT2A1yQo1Do0n1TbC4OjShsi4O4eqbsOp3ghsRm9ybsi33gn7ptlQbo0ekprQBDRH1+I8ViPFYyucKFQrnPBc54LnAucC5wLGFzgWNvFYxxTi074KD4ycqjaVVpa4SFebJI/FTMj3RsbjQtK6vuO6V1fcd0rq+47pXVtz3Cuq7ju+4XVVz3fcLqi44D1Q2NceHqupK3Ee/wDZDYdTvBDYZ73suohvf7IbDpd4+yGxqHEobJteHuUNn23dCba0Ro0egTWgaD6Nrp/kstBQcRkUDP8AI5cAoJ5IlFpGYTXA/wAiEgLETomtA+EtBUkaoEH+QMQCLidEG7z2LWEn8JzTQT8wRYFzfisBRaRu/irq1NvzEDzKftC3bq4fbP8AJHbFDdJ+ydtrut9SnbXrO0yVtRdWohziSTwMfbKFbVqbqhosEAaniZhAAdkzX4pUA7lhHBYAubC5vxXNniubKwFYDwWE8FhPBQfqi4DUo1qY1I9QjdURq4eoRvbfvj1XWVt3h7o7WtePsV1xb+PojtyluBR24NzPdHbj+6F1zXOgA+yO1Lk/vewRvbg6vPqsbjqfdZLEpJ0QHFEgaKldVmAsY4hp8VsQfO7yHZs+YfSHUH9Z8kDgrtzmV3NBMSukVA6MR14ldLr7nn1K6Zcd8+pXTbjvn1XTrjvn1XT7jvFdYXHeK6wuO8V1hc94rrC47xXWFx3iun3HeK6bcd8+q6bcd8+q6Xcd8+pRu65/fPqV0ip3j6lc/U7x9VzjuJ9VPJIQIUqRyzyAqVKnkiVh48hdwQnk2N/ok8SezBgo9lUqCmwvdoMyuvLPifRde2fePorbaNC4cW0iSQJzEfE7QrXk2s2K88QFWyeU/U9hYUqRpValVs4QN6FKhcUnupNwlonWZWz6ArVw12mpW0rdtGrFP5SAQquz29CbcUxmBJVGiw2lSqdQRHsqez21bEVmD8Wf5qzosqUar3agK3p0W2hr1GSQY1IVarRfHN04+8q6bZ0K/Mml95K2hbdHrGkMwNPujWFvZirhnIf0VWnSv7XnWthw/MLYQBtiSN/9ArvbDa9I0+bid8p2CwtsTGz+tShdU7m8pPa2OPitr2/OXdKmN4Vzc0dnBrKbcyr28p3Tm4Wwd62tZCrSxtGYVmAdmOMbigEByl3IBCOi2S2LYeM/n9NtIHotXyWy6QdaUyQDlwHErmqfAeg/srQAbSqgZD426Rwy5Nssya/zCuBmCjuPYbMwihXL8xA/qqBp16L6NsMJOeecjhK2ZRf0erUYMyIH9Vf0Kgs6bniC3L7bk255hluXfKRB8slXtej2tdm6RCo3HR7WjU3SUbfmWXBb8rmghWr6bbBxqCRi09FWfRJHNNI8zKujam9Aqgzl5eEraOPpD+d1/or3/bB5BbF/DaEniVsH9lPmrzaFG4p4GU4PHJbO2xEUa2mk/wB1c2bKN5SqU8gSrv8Ab6K2lVZRumVKokRC2zQp02sLAAZ3K6uxb1qeLR0j75KpQFC1qtGmZQ5SeQDfyFWAi3b5fS7SP+VqEcFjdxWI7j7rZzh0anJExxHirXPadUj4xkSPvybSZjtz4QfRVxLZRMjsLC5pU2VKdWYcBomXdvbh3R5k7zGSq3Q6MygyZGZ81b3IbQqUak56eaubhtWlSpjVohHaWKz6M/XKD4BVblrrVlEagqhtENtXW7xM6K3uaHRjQrTmZyVfo+RoTO+YW0LkXFbnaei2hcNuHB7RBjPzVPa9tzIpVWkwBu4K72u19PmbcQFszadK2pGnUnVXd3YvpFtKnDt2QCbtOyMGpTzHgFW2rztyyoRk3dvW0r9txVbUpSI/uhtq3qti5ZJHhIW0tpNucIYDAMrat/TusOAHJN2sDaGhUBxRAKCJ5QJz5SrQRRaPAfl2g07Haf7LU8uWz2NbVqLajpkiTmrXZtG2cXU5kiMz8ZyId+s+QtDgWnQ5KrTIlh3T7IafXzy6/AVREUwPAdoNB2NWkKjDTOhyK6itPH1XUdp4+qpUxTp823QZDsCJBCaZE8m1KeCvi4if7pzcLyiIy+O3eBRLzqzT75Z+WoT8nmiB+DDPtM+coj/Fqf8A4n2CviDTI1jDuiMveULh5ZSnME55cCIlc5juC0mQZnIZDf6ahNrPZUeBkADu3AZFUyDQqYzqRnHmn1MGMgx8uYA4Jjv8sG5aExGuZzniFd1ZaGzuGUeGs9nPYlU/lHkO0Gn0oyJHHP8AvybVpYqOPeDP2KuBo5O3H42uIGEHIrn6mDm5y4Ln6haGEmOCNR2cnXX+ixugCdEbiq7Uyucdx3R9uHkg8xhByTbio3Q6/oIVHbjpp/VOrPIwk5Dsp7Iqn8o8h/AXaSN3IWggtdociq9FzSaR1GSGkdgPrSqXyDyH8CblLf1HJtihmKw8j/RVRhdIThB+KnvESg7KQ3wTdDIUjurHAzGi4HD/ANoOzkjVHyiVu0UiDAU+CBAMxqid8aoOA1bkg6P3UI4SiYzjwQyHyqR3FJyhumaDhIxNyUf+Kc4Sfwwpy+VE+Gixay1Yhrh+Aq3M0gfAfl2YEnsOlObRfUIkgkD1gSi6tRcMTgQctNMsj5KleVSwmQciTlEGJHmCnVqoo4mOkyBBEao3uJ9PmtCRPhOg85V7d1KRcGEZCdN8gIXFUtdg/EJGcZwZmBoYVCuX1A3FIgnSN/t4hdLqNh24F08QAQAR5b1SuHVK5aPlAMHiQQCfIafE7iN3JUpCowsdoVcUiJa7ULd5fFQBMiYCa14yDv0P1koeSWyhjAxA+K/Ed8Spf3k4HLNYXcVhfpKIcBBOSLXaA6rC4yZzCl3FQ4jMrMxmoIOusqHO3jes85KIcTmUGu0xfoL8RAz13e6mppiUOjVDFoDojPHVQ6NUXmI+Aqz/ANBnkPy7NnzDsBaNl2pBkkE5GfBC2aCHEkkaSZieC6LSgNzyEa6g7im27QPmJ0OZ4aI0KZMxvnLeeJVW1p1jLp0jI7pn81UHOakjxBgrojBEEgicwc89ZO+SmW9NsYRoCPXWeJTaLGkYRECBw1n425GPT+3Jte20rjdr5cVVbhPgURw+GmWjNwlf4c5goc2NQV/h7gVNONM1/hnwRLJ0U0oiFNOPFDmshnrn5IxOX0tgZt2+XZs1H1IOXiokEESCr60NJ2A6HRAag/wTZJ/ywHAkdmzVBwOhn6giDiCBBEhXdsLimWnXUHxVzRcCQdRqjnnv/gVvsqrWZzkgTxOq2MSGupnUHsJCLgsROiZSLtSmMDch9ScjO79Z/wB+S/sueGJvzD3HBVqeEyP/AIiN/JYWbrmpG4b03ZFqB8s+ZK6ste4PddWWvcC6rtu4PddWWvcXVlr3B7rqy17g911Zbdz811Za9we66ste4PdVtj29QfhEHwVaiaTyx2o+jttrGnSFIiY3zCsdom4dgcIMahSRqg4IEHlxE6BQSgxBoHKHEb0KnEIPCDgd/wBP8vl+X/XJf7P538bNfzVWkaZJA/68CiN4WwaoFRzDqR2m1Koq3BLdPoGUalT5QT9k3Zdw7dHmqewz++70TNkUB80lU6NOnk0AchaCixQQsRGo7PRBx4oPK5zwXOBYgpHFDPT6CCNNOCBBEhXuzxX/ABNyKr2z6LiCI8P1uQ4hM2vctEYpXXd1xC68uuIXXl1xHsuvLriF15dcQuvLniPZdd3XELrq64j2XXdzx/JVdp3FUYSexGaFCodGk/ZN2fcnRpQ2PcHgPuhsNx1chsSl+8SUNl2w3T5kpttSb8oA+w+tBhYjxWM8VjK5wrnPBc54LnfBc4FjCxhYxxWJvFB44oOB3rEOKIEyDBQeJg5FXFtSrjC9Xmy30jiZmP1quadMEH0XNO4H0XNP4H0XMVO6VzFTun0XRK3dPouhV+6fRDZ1wdGldV3Pd9whsq57vuF1PccB6obFr7yB6/2Q2HV4hdR8X+yGw273FDYtHeSUNkW28E/ddXW3dCba0Ro0egTWgaCP/R3/AP/EAEQQAAEDAQQFBgsIAQMFAQAAAAEAAgMRBBITISIxM0FRECMyYXGBFCAwNEJQUpGSobEFQENicoLB0WBzovAVU2Og8eH/2gAIAQEABj8C/wDQauv0X/X/AAqpy6yq6nLDnFRxV5pqP8H4u4Krzcj5LrgCr8BqOCo7Rd/glXkBXYG0HFXn6bvFr0XcVdkF5iHOtFdx/wAAq8gK5Z2161fndVUaAOzx6HNNJbWN5oeAU1obi2V8ebSJOmspcTtXOQMWlE8LaEdyytDFovaew+tdfJwV+EXjXS/KsWd5NVRoA8k7qIWFJI4sG7gqs9yo7S7VlVqyIW9aytGRw71lM/3ra/Jfhn9q2Ua2H+5bJ6zbKFreP2ra/wC0rbtXnEayni+JbWP4ltGnv9T5LNaTQUPJzD8tUferp7lXU76qhFFr96zy5NQW9a+TV5Bw5Yf00TT2fdaGRg/cqggrSe1vaVQSMPY5Ve9rP1GirUU4qrXB3Yucexn6jRVBqFk4O7FS8K8K+NU+WlbxYfomnkodf1WfvWfv5MslmFkeRkLaAvNF51Z151Z0JHSxvBNNHxgqcOQt9l5Q8jYoY5pIRK4hxYrMPCpbRHM64WyJ2GaSOcGNTmzmssTzG6qms8rzgufcb+UqyQh5Eb2OLm8dadHI8+DZNI3NyVgY15a2SQhw46lHZW2maFhivaHenl1qmmqPxNy8J/6haGyaWW5RzSdLMHrUsDnFodI/UhG196N1K9bUwf8AjH1KbMyaRxbuTxbZjHWv/wAVtjxL97NWyb2Tl7lLaLTK/LfvJU9JHPvjfuWkeak0XKD9Uf3RwQ5etUVRn4lBU/VWescg097VOcNx0td3qVC2isX6v78ftz5Jo+IBTh5H7Oa15jcXO0hu1KC2zTG1tvXNMZs7FZIpK4cXOuoKq0iO9cnbfF4UzX2rH6YlDmdua+z3O2rWvZJ25r7RgPpRNz68l9nQzbazzGN3yUTGSuhdgdJven4tpfaK+0NSe+C10Zpc1d196gdC26ymrr3p3+pJ/KbG3Xda1M/0x9SsbHc/KnRon2iA3Jcy4bnK2wSGojjq1faHaCp7KJcN2IH9ytVSdkrWG7WO65vzVjLtbSxnz8anlz2+Nlkqcll/WtfJaHMs8rml2RDVY2vF1wdqPf49e7kiPHRVOPkbPLDM2N0Nek2qjdbrS2VkZvBjGUBVotbn3jLQN/KFZrQ14a6E794VqmLwcd17sQt7Xge03rop7XfBErQ27wUNta8NLCLw9pNtdnnjjc1lzSbVO8JnjkBGVxtELO5wfQlPjvhzC+8weynzMtbW3nF2peESy40gzHBCVszWaN3MJsz7ZiNbrbmnCG20jO41U1ma/SlGk8qSJz2yYhV6y2nDHBykJlxHSNu9SkrKH36ak22RyBrbwcW+LT7g/v8Ar5Gy/r5Z4o5qNa6gyVyeW83Xq8cjkqNyjmGo0PktefJkQaLpN96yIKzIHJmQFSoVKj1DJ3+REsRuvbqXnTvcF5073BOkkN5ztZ8hVfPkw/8AtmncUD5BjfRl6f7U05Y+P36/6ULK6QtGrvKiOiK37pHpZ71a6NaObH0KbTCxNHDue1uqojQE4ovV11rmoBHcrcd0u5Q7H8Taauknuo26JWVdvGQTtj03aulr3+oX9/iNjYKueaBYMNsE9ov4eG1n8p8UNsbLaY61jDCNWsAqK3VrG9xbT2VZJHODfCn3Wjh1qd0VpbN4OaStuXSM1BbXHRm3ezwVntJN6OcfCrUMVrzZSLwprB3qBrn6czQ677FVHYnSN5wVbJRTwtla3BNC6ms1VpY1wa+z+ifSOf8AStFprhtgB6XpHgopp/tCGHFbeaHN5ezLku7pdH+kW+Q1K9QXuO9XqC9x3rUFqWTGjuWrkoWNPctSvBra8aeoT4lle7VfURnjcxsc2k4jIZ8UXSgtbA58kjtwGa+z8ZhfZ5cZsjBv0lYZnelb8h7OrJWmw2ezNjdPNce+9eLtL5K32WG0XnCMXI7p0cPrVksEzqR2iyMun2H50Kc3dK7De3cQWoyydJ038o2WXKSCkkJ41GammfaG2fFthdV28B2pfa8jN8Qmb8/6VvEEeHG2zlxH5zWqsF37O8M5n4MguPJ25clQaEb1HaBv/wCH1k/sPjYUlolfH7LnZLBfaJXRewXZJrS4lra3RuCAD3ANN4Cuo8ViX3X9d7fXir7XOa7iNaF5xN3IV3DgFi4j8TXfrnVV71i4smL7d7NBr5HuaMwCdSNbRKai70zmOHYnBj3NvZOodY4K621Thuql/IDxK93I+znfpNVPZ8cVdRZvdxW0OrUs5Dkjp9JOGIqXzo7kTedlTXuW060NM14IUk6gqYho1bUqjZNJZyIVkPcqX99e9VxD2raOKzec8kQJDVON85GmapiOW0cNayecygA85K7fdWlfuE5/IfIWaGlGviaXU35KbmI48Jt8FleOpNBiiobSI24fCuYd8kWyx2d0TGvJweCtGJpuuF0R/L7aixGB1bRdNeF1R4uDeo6tzOMH0a/NPeY4mvxW7PVdu7k6MtuucyK672XkIVbz4kF88Muj41DqOXI2RnSbmmTN6L/H0WXijzRqAqiLrVDHv1/yhSKv8LYrZ0WyWyVcOi2fDchzRoVs+pUwk44XYtnqIotktlTNbKlfkq4KdzeXVvVcFVwlXCWzWyWQ+4Wg/lp5AMMmTaU4imrNUfISK1pxTnYrquded1lVL+OoU160briKtu9ypHI5tHXu9Vjdd3Jz8Q1f0q70+89xvmrusotvEit7v4+P2fTk8GedGTo9RV062+NQGipiLp0yW0XTQo7JHTKrf4Lp0CJxdY93qF/WQPn94qstXIH/AIrOn19aqPV8cYzvSLwmjXRjpXT0fvF06iqISs93EJr2nm3/ACPqMuLTdGV7rQINfIaTgFo1cubjupt7nHO+SfZIbPhmTaPva/IMs4N29rPAKeCxvmxoPTcatrwUcLek9wavByyeW0B9w50d2qSzk1uaj1Jkc9kltUro8V5DrrYwoZYCcGdt5odrb1eToe48mecTukE3SqD0XceXqXRC6ITnuAutFSmBsUl55pduZjVr94VWsfJzhio1mdaLWNjj1p6KOi7Ia7nVWnbRMY2KS86opc6NKa/eF0QuiFqCI+54bxvqCNYVYZveucjvda0qtWi4HlpFFVaTrirI8laLByUOa0rO39uX0XNyyM+a5uSJ/wAlnZnH9Oao9jm9o8Rloi6TfmrW6CziOW0HpeymSMNHMIIXhs1ie619ujVSWiXpP4JgtjLRiMAF6J3SpxTLrbkUYusbv8pQnPiqalcfpQndw603SrXou48lDv5Xx1pfbTsTDHI0YeYDo6gav6TMG0FpbQ6Tb2dCK/NMGsMjEba7utFmO64c6XfSu0qo3RuaGxk0Y5laVp7tXLUou4/dtJgK0Hlq0XX1SWLydCAVpWaI/tWUbm9jlozyBaNpYf2r8J37l5s9aVnlH7FmCO3y9He/k9qM62K819R8x28lA947CtpJ8S2knxLaSfEtrJ8S2snxLayfEtrJ8S2snxLaSfEtJzndp9W5gFaVniP7F5tGtjT9xX4o/cttMPctG1O72rzofCvOI1tISvwviXRj+JbH/cF5v8wvNj7wvNnrzV5HBaNmkQfFDI1yuz2WRh+Xqa67Rf8AX/Cqk061XU5Ycwq3irzTUf4PxdwVX6MfJRwBV+A1HBUdou/wSryArsDaDirz9N3i16LldkF5nFaLv7/wCriArtnaSr87iTwVBQdnj0IqmOu6DzTsU02JLC6PNpL7wetJscq5yzkdhWtze5ZTt71oysPYfW2vlvwi8b2l+ULFnkJruVGgDyR6nBYMsjnR8CdSvMqtNoP1Wi5ZUK3haMjgspn+9bSvaFqjPcti1Zwf7lspPkvxB+1bQj9pW3avOI/esp4viWUrD3rWPVGayHJpNB4V8pN+mqPWrpVW5HhxXBZ5rXRahya1u8k4d61lZSPH7lE696KB6vUuflpm/kKB5OvkoeTWs8uVsTOk/ILoR/GtnH8aD5msAJpk7xvly3fZcU3yNjggmwsYkF12qs7J522mKZ1yty6Wpz49oaNb2rntqx5Y5TWSV3NlxazqVls7TzcjXFw96NmkdzGQ7KhWKJho2V5DutR2OC0YLTFe6AdxTzPa/CMsubu0XhTbfnnoGMKOdwAccjRS2fFcy9I/NCzvlvxOpXgQmNvHZj6lMmNqL7u66nRzTmMZ0HDqCtkck2J7BVsmdpXDWncpJZ7Q4Nb3qYPnMgI0epXJHc3Lka7jxUAvHXH90d2FDkqF/CoVxHiZqzfrU4Erhpar3UtrJ8ZVjJz0v78ftz5Jo+xycPI/ZwidcfedR3uVntVukFpjDrou6Nw8aKxwSvDY2uxHH6K1xwyX45ecb2r7UDNqyUPZ25r7Ol9PDcHdq+0Yd5jaW9uS+zBJtoZjG+vcohBII34HSIrxT/CZ2S8LrbtE91nkiwtLKml1qDwfZ0+ad/qSfymNGu60Jn+mPqVizWzFbQ6OadarKaO6Rj/pW2GU3jGzJyt/aFPFZ5cKQSB1eqitIllkeBEcnOqrSW7SKjh1jNWN7ukCxp6/Gp5c9vLUcujy2avtrJjR3LNrfcrRSN1L25qsVfa/vxx7uSP82iqcfI2aazYd6Ek6aj8NfA2KN165FXSVotc1xwcLsfUFZrTDcaYjpbqtVslcW3ZnBzaIW2Mtw8yW9dFabUS25K0AcVDbYy0AEGQJtssuDox3KSHtT/CxZwKaOFX+UIJbpNTqT4XlpZfJj7FJaIJY2XnEtN6hXhVsmxJBnTX702aIspdA0imvtNrvxjWL5KcyG21jdxeQrRCHh00w6W5TQ2i47FO7hRE2G1UafzXSpXSSNJkbdo1S4rmG/Sl0plphLBFfDy3h4tPuD+/6+Rsv6+WaGPDusdQVahHNh0BrojxyO/kvDdmmSjUaH1pJ3/XyLZo6XmZiq/B+Bfg/AnyyUvPzPDyFURyBu+M3U0+QDAdGbpdybN+LjU+epQ5/j0+ajPRrf39PNWotFLrKjqyKDwy48XS2jumVC46TnSC8e/MKARtroOyrQKEXL+00S7rRypzjBfrqy1JzzH6TtO9nr9Qv7/EDGglzsgN5KoZ4Hy3rphY6r08NlhfLGKvhY7SaorXQYUji0dRVnlypaXXI6qR+JDKIjSTDd0NyhtTqYc3RUEzwLk7atIVovXD4OQJADx3qC9Ss7bzRwFck2xOuYjs2ncVLDFcvQ9K8clPhNF6HpNOv/mSmmipchbVxKbNi2ZrXtvC86nLXhlyYZ1Sinei3yAO8ajwWJcbf4rEuNv8AFCjQLuY6kTQaWR61osaKZrojpXu/ig6mkN6zjblX5o6IzpXrRe1gDj6hPiWSvtqES9IT5141Wl6D5DJXvVihnr4NPih9PR0sirBIBdZ4ddjb7LcslbbLZopMW0S3HvefzbgrbZWTRSCGNmExr9JtzXkrJ9nOyxbK18J/8mamjPQtHNSN6rqxHCnOgAcACsM6M9kIew+00jNWiaN8bHS2z0zSrQV9sSNHoCYfNW+OxtpGIHSO/U6q+z/CLNNMcHRw/RyGvlpxy5A5usZqOdup2frJ/YfGwppbzT+UVPejHJNUOydkKuHbrKjic6rI63G8OKY1shAjfiNHB3FeEXudvX73XxWMx9JM9LjxUd55OELrD7IXhWJz1a3+tXt9a1614XjHwj202KWQuY0kgdfFOvWgm+zDdkM2/wDKqRsT7okbdd1oRstJDWigyHiXuOXfyPsx/U3+V2eP0rqpjHispKLao87rR5z/APFTE1KuJWnFbVZy9yBxUG4urI9a2upaMuktrRbS6qCTOtVtdX1W3R53Xksps0ed1LbVW24rKTWf+BACXq7VTFz+4TO/IfIQQtJaHxte491SpcOJ0To23+nW8KprMN0VZxG3SvYja0Kw5IsKMBxJbJe1K0GfpsacOm+m9R4gOlPhmh3XVHjUhcQ7mjJl1Z7k9+EY3iUNu3r2V1OaKh5jjMeeV4j+U15rjFwqPZFMvGod/IyVutuabK3oP8et28dyJuGoCBEZOVcldLNeSboE0R5tyOgR/K2ZVcPqVbhrxQ5vVmEBcNHLZ9SFGOCdzZNNS6Gqi2ZGpUwysoyP4WyKdoat/FbI8e9Hmzx7VUsJquhSi2ZVfuFoP5D5BmUYcyl2QN0hRFobFGHUvXGUvJzqt0pMXVqci5scLCQQbrdYKpfrzeFnubwQEd3J9/Mb6KoYx3U8VTrwjcHa2Fuin3ndMgnLhqonNe69edfPb49e4/3yGyu35s7eCpvHjaBAK1hZEIVcFrCG/rRqRVVqFrAHzRNW6sln6gk7h8/vHH+Vx/kKoNCOCEo6QyeFl6vZGNbpF4TRro29K6ej94un/wCKmpYgzbqc3iEKGsb+ifUd4tN0ZXutAggg7/IaTgFo1cubju9aYH0e9+evUn2SKz4eJtH3q18g2zx63b+Clis1qfJaIRVwc3R7EyJg0nm6Fcmtkjp72Gbm4/pUlnkzLN/FRttxtTppGYlyEdAdajdG+/DM28xx1+Tp6X16uTCk2Lv9vWqVrwPEctFqXRRc4AAZ1TLrgb+Taf8AOtFxe2geY/3cFm+PZ4v7OKpiM6N7uomUcDfrd1rororgiPueG8b6jiFehlXOR3gtKrVouB5eaiqtJ1xVe8uWiwclJGNeOsLJhjP5SuatPxtWza/9LlzkErf2+Ky0tFbu7iFbJLPC7Fndo9QTJmdJjg5f9QmE2NkcKmVVJaHCl/cmm0zSwStaGuutvB9FEyIEQwtutrrPlPzfXkwZjzW4+whqr8ndfIevlkjBoXtIUbmyNdc9pzuA/pMMUzHlpv8AOD0qEH6pjXOvNZDh9p/pOjxWXDV/Xeu09yjc1wc1rndJzq50379XiOcNX3bSYCtBxatF19c7FTyfOQxu7WrzcD9K0JJWrQtI72r8J37l5uT2LSs8o/YqOBH3CjtfFZhXH6UX0Qc14cDqdybQran3Lan3Lan3Lan3Lan3Lan3Lan3Lan3Lan3LSeSOHqzMArSs8R/aF5rH9FsnD9xXSmHevOJF51/sWVojPctpEV+H8S2Q+MLzf8A3BebPXm0vuXm0vwrOzy/CVsJfhKoYZC39KqI3kdivRtf1imRV1zHtd7J/hV/9Ir/xAAsEAEAAgEDAwMEAgMBAQEAAAABABEhMUFREGFxIIGRMKGxwdHxQOHwYFCg/9oACAEBAAE/If8A8DVTR9j/AMURIA1SglqK54IRs6mvMFibRP8Aw4iLxHX34iwzUD+Dfy9FIljZGq6n3JW1cbo+H/wlBJsbvgiRm9Fcp9kfTfg7L9kSFaQ/w/plYW6FBXjMEciJ/wDfpdeV1ilK/wCYJe2+P5YHAGgKPWiACUiWMweBmlHRmjm1SCaS+MWYnoA38sY/IlqVPsw//TEyu50WRsy156x3KbNFELFJTJAIatd3bwSrs+kPE+6amCv6EqI0ZqH3R+SHKA8DJ7zUScLAajyVOD7GGsCfYBR+GYv3aZq3yE4nkjcy5fjO/l+OAmreRB/vw0KRoPcZbqPBg2jeBBiwTuCCJYj/AIdSmWlpaW6BQ7yV1uUNZQlCY4JY4JagkO4iDVuJoAmowJRWxpZoSq72fp9snHYbUVU/k/iWArk28ooUI1GYgscRhrLvpMZYSL6ydhE7PkSjhlGqlJqQhCDBgyqIGS/cbgNKEozgzHRwV5FJ3EOqumJRKlTEqY+kpdjUQJ8sQ03SxE+SJ0k6Bi/LErRsAr7DK0p3H8mWVMy6JVc3pKoLS0J9p7ClP5MQQW0REfclklGFQ0+0aSF6IW+DWAdEGmWI9jg6AEEBWKqu7MUOD6fYYfKh8gqBKlmJrwlY1Gg1JQMh0Gj0zKY2/cJoA9HYDBdB65Ifpkijg6FHUVrvXziMFaqnp/WkZ4HZ8PQet78UKdoktZxTuR0ZZmosSg6YfFVwbU2HQBQR7uoAFMP1AtCQk093psYyobQ7ERts1e7E1QL4RlwYN7FYDZtO6nkUzQeKgl5BfIcCafgpOeyfKK/JAnKIKiPVKoDBAq/0L0BQtEVelLioBwzzVSx2NILBNX0+4An2hteGuhZSKJokHiGpz3iAoEdRjXsHG5CEIoArgAVeKzLiKBV4CjooJIFNgaiUnkfoYyVoAAPJ0r2kHxVE9/omeCNaAMdsiO9GoK6JSnhHQBg0GbBsPEHsNMcAjhPPAFGY/vABhFRi/vRhtDSRpYtCuxOBqQcN/asn3T/p8QP0YmaCQSNJU5ISdRqDH4Y7wxOICcQYev4CWgM5Vv5DuJ+PFhG7ojADBMS7sOgudT9QYeP2h0SCNJDs0TUlwLNFxsylKESHQVsWYaApLorYzZhR1BqB9Wp4KvfJ+4KUgaQNfhJ4gT3Jt4foKU5DQtgsSWQd2BrAI1grYl5ZtSC4RACNLm8kPdIUjuABTNKjwoO0mN4snKJmvBtDESFVhsy89BBEO0qGYZCWwnbPAHmVRYIhZILRHPBRi6tWFHHmxoQqqjit3JZ7kyko6KBNJm0EqoYDdzxyrDezEAgGHUD4TU/UGDw9QiIRpIRsw7kuYFPDuRdeTk9C4uLFIVoTQoUwYQIEZcuZcqY8mSaxN4INRCeRsh5APy6w34S/oWdqNc6eZS6phdXmuZZLCKagRSCKEeALLb2duLUtwoQTZG8lbxFY3KgQC6irqy68QUhU1Bz8esJRVROoMBFGYBEYegCvb6qt8vyh6E5DTDHDuS5cdWm0A08l9BCKKFXbAKweoy+looDUbIAoaaPDLnNFfvCItqYfaPHrtdxudR86Md06J9+x3qKQFjuKRlVgQdYtR4GSLSAggCXZNmKWd9D/AGdpkISZG1UZSaDSBoL0VLA0mrmWlcAMAkNyinhaGXtqnutvWKJRE6BzMSuilq1eldSKv1Xfk/lDrT+U9LVol0DFqFrTTaYsIhCC5aGpDSGjlFBWFXY2DZdFGdtzRMLLUS5ew0t2pS9whCbsqy2tMYxyStLR4hLFTwLAu6kz6VYVLPrISWCa0JrHIK+YOpUULQFYwWuxg2CiPEGLS7q3h0+9kwUlKtB92sVL7ln7jk6HpURQpvuTt2rHRxesLwNFJCx51gFAVNlBh7Si11JS8+Z5S8AzOwy3oZefPeUWNGNGskBAZdCEL1lwiW6sazWlxKA9SBffX1h0qUSulTBbu9K6V0I39RWvAsVvyPoxokHuiEEcG4LKDCBFDsfylZA6oFETwzF9i2AAIVaGJU+7EaYI1z2Ir84JWwcvDtgiTREH2IB2CNCF7oKTFs8WZr6fB/3jvGcwUoKF+xDQzo156AUWgW7Xv7NQKRKRpiBaAnBGyHt2L2dBBHRscnQ+iv0UyulQzSN3om/TTVC8HQ/de80lTEpiSv4hTm7m6Y57vRXSoLfqOxw32YufiEOlDYwGSVTUVDIlVJRWkbJKKrZlo0L3lY3KQcDhxrBIAtCvuNb7zWLOZMtcnNtyrhgtLQ2cAMXvS2Rea9blrybvLe7u/NwM2CI0mitddIgZ1OidUHRY6cSrTuM5gYeaGDkBqQ0RlCjgBcOuP73k0fc6VaHbzGpMr1Ve20T4YenWJrMFrpHJYBZbmtfzpAACoFBWlwxUbVBtqpcr5na84B8s3xd2ptWoG3eNbpKo1TXMAAkLCwOx5uWq20w7MqAbBNWF44gSlFVvJVHxKsGCLrfK8y0NCqrFGDXRyaxuIsAJoUyxUbDA7VWO2GYEFDgO947SiLvUrVZKlUAQoNQ4uztTE4GpQi/J3iWCa+WG1O2ICC13nzk8RqVolYt/PEFhio5pP7yTUbpdg0b4JYBEk7JivHaUNtKN83T8+8vSoXYC6/wQKA2CokSC36i8R+Niy9dlu6Ys35Ynr6SGwva3dwRX2hvsjBPEFcaDHbN2lSk91gRYV70ta+ZaKWFbgMB8qlKAA2zNMtlLgIklzg57MBvlDpPYFspl9RgLSgs8cPsxkiUjSRkKcD3JpH2TjkfDD/Z6hNjXRqEdVYDprjSWga2drexMhcGljFVAoGwP97ZoJotoNXv7xotfKIdv5xLsC5pxZf8AzM1qyVpl7fuIivqxTKmhK9bIIqlLqdqigCBagULsxJWLsRsnOdorAoCF6BGjFSrVresFUFAAdErXsEcjhdKvy6GzBAAdRv8AME1w+63cDniKqoHCqXvmXQHS0QXzI2NkugNeIohZsR5OfM2UK2vbziIWQJSAaNwfca7DpFlAW7Qy9KiQZmp+n5Qw/SvpaQqYlGgAsrbMSLF9AtstBb5hGEzcLY+Rj7PQNaQUGguyay4e9vUztDAbRCsUS/NKRUhJaqROEREl4arEJXSxExtMoklW0rpfFsXR24W7olnW6WX6lk1QD32PtozTEs/sJ/Cxv9wEQ9K21RJhBACCGV2ipq5pg35qA1aQqwJmOhclaGcExNowq59+YAFlRvitoZbaO2HOO8svuLDK8Z2jZUGgKw+agQpbT1HSvWb9K2t6JDWOr6kQPB9G+ly4P0lIUps6JuMIpsosXXuPcljIojYjSMXhEH/GsJpYlj/ikD6B6E6avp1mKk7eEZD5dbly5fouXL9C5cuXLly5cHVrN4dn+e0ZqKTX+TtPAw7G1GWlvn4nuaP+eSmIxIV7IWAdgOV8RROUsRsfoZrzLUxQjoajo1+3EwWgW1akgGjZaMnW5cvoYQWeALY9SDIFhhJE8CtS7P2teFtKTmjyIsgwH7gMcUr2g1i+i5cuXLly5cAXU6Nodnt+IiSkRpHUZUbtr95AwFZLQ9b8XAgbEP8ApIFwrFsFsULRZXAnLQpJaqhcSilo4oms1WoxTFAQEVYWW/eVEh3TWsDloEP+kn/SR8IeCqiKOj6L+oXpMxFmRELBSaWRlV4sPyYmhqGtP2TDCeQ8U9Wwv5MyqA+34zNcPtM2J5S35eiAgBwiWMs07ui3zGQ89UZj5CPnSp+MXVPDD94MuXNWJ0dA4RmuQJw1Lc2vhGxgOOhzA0Sa8BpoDglLAg1bGUrSJIbotqvL9QKkDAtE4f0xFQoaR1JmGjO5cIrVPiSkZoBQt0JSdMnrl9WwlwVUkQhApkpu0v2XTNCMk1J1TBkDYVJ33k7D1Xy1GKUkC5NNlrSO19QNgAWq0BD0sVnjQ+del/UIFassMXEaEVFPW0XOQp+Sa9ibIB3v8wdbPkgAoADY+kgQDslkt1jmgz7wpPzWBn5oIm1eGf8AXzMV59TAMcBJSXLly5cuXLly5cuXAAuowDKHHcmq75E0TkZzlf7jhhzkD9mKGFVANlCX/vJf+8l/7yf2if2if2if2if2if3yJsDIMnx6aegMtPiKc9CstLy300WEE4f8MCvIFy297D0L3n4dJB2omwnRG7Pws2XvOnOwniex9E8QAkYh+1D0gu/6uXTiADpfJTKckpKSkpKSnTWVnh179Fpb/EVKfsf+KKQAapoIIittgxWkamuzBIm3P/D2IvGf3xEh3WD+Dfy9FBh2YnTqsVNX23w/+EoZNjd8EZs3/wCTKZD7I+m/B3Q/JFRWkfwf0y4Au44Ht/4BCd5Ypacy1pa/yYSEDQFHrRADqJYxMLJcKYOjVBeyszIUwEA1byo/KMkoszpS/wD1AXQlpjcSw5ZnijljpIqLGIsUZWoQJqaeV08EqLfpFwPuLIIAGhCKMFFag5PHJMKTyFQBbDw5Y6h4GpetL7MCn4ZgvlZrnsE3XkRuI/wmd3F+yIRr5ktH+8ROnx4FaPBn2ICwXRPDBHR/yKZadhlui8vyTvZXoVwngJbos9o6xEZADli5KwIVjYuBR5bfp0fj7CM7Lo/McGsaPJxBuBubP4MpGkUPhJhKHvr8zBlnDHUJ5IpsnhidlKNFSjaUmo9CEFgvQmfYfYygQPCkPtkR+45kqRbdSyVxTYZRKJSUlOikpKdFJR2mOOmPWJATkFlQDrKTFRphIjVxRFmpBJdLKQCNiL0CjpbmKVnQiW3mGkOD6aGaoHww+UV0oU4OvfvNRwmjFaKdnZ6afhw5IrAtyZIILEToY4tQtC92HQUipEFC3KSnUtMBZYuHnEYRuNPS83Gi7os+GaoevGnoDhszMTEBkxDN5aOHKZ5Nu5eUtOaCEZ3X3YUwBZL4FRgd1TIGL48lEWeSL6VsvGoiAHuBmnqLJ0VlyudwaMIQXI75whcFgVugGgTmkAXBFveEh5sgZOwTFzT2oMtT1DRsQSKJAKhbFW+gLggHeUaMuVsQWCavpmnyH2mR4agRUJSaMG4wmsIgsjZj3OPMOichRiZUQ30lEO2UiMUGECln/Z3jVinU+PU8NMApCgA9+lXY/A0y7iN/P0SKKSFhGKXa52mwwD40wsFFjhrEwjwy0QOFPwBm80zgFJayAPIY0O38pFpqjeKUABa7HgwGsjsXrk3fv0+SabKEG6ADaH1peY8wwsFTVFniM7vqlkgnsQRCH8fzATLWpch1m7oCwBRADE2nQ2ZqfppdkqDj9odGTUIVh7nHTVfcfxCEoHdALaWyET7RYql1UKy4xoqSwvWFabir8kFKThhf5kofB+Jqe9fQZ7EDQVqF5UeUoCoEWrCwcAdxKagjUVc8qIISGo8AFG4CPSIvJH2nOVzCqIMi1PMK2Jm1lMGkKjlzDMy1dDBAGYFs8plYLqQskK5zkosB60C7ErSNBXeCCg7xRHFumWUhR2EAMkGuVoEdVhbLiAECIEV0FxqfqDA4eoRsxhNnucdMy4eYjT7PpVCwDpoCoNxJowcBLHqnkynkz+LmseYBRFgrkbgrTPspDc+lUegpIGwZUFpT0J6w6J1pYAzq9CKCjrUFr2+qrfL8nU6JkQBZ7nEuNWEEijpqBYMOSXchfkbAVbTBBg9Ll9LRkAtG4CDQbK426BrqvY5JZmtU+TDNPWp6V1ts1teShmT1EG271x4qUcj82NEXSryubjZI2whTk2JCxmXRwAD5tEidN2FG1eAHFQFFQtiFeYGhaJSGJsKKlRpI0cOkegFmWKyxXrOidAuASp3l1fL0rqbX6rt7n8oQ6KbYEWhoCYEKZAw7M24Rr2U3BlgRwNQXD5pqUeObKVureCYLcDKrpYhCxCJTX3InJ+ojwwvUaKwAnhCbKDepRPF6kwzPJapWcZEhYUoQZXG5UV4HvBzFniFo7yiVR3qYqDzBjg3ZPGp+yOLJffoBkmp+T8M1Oh6VWg2Wa21rzKHQ7OfPnvMwAs1M3z57ygjJpNTdp5tiyzIF4GAfllc3qvZpLOMKT3G3/jWNkFCG4HUPNEJBAkGlWt05YkK40E1FUviiMwZVN71+fWHSvWrpXQ5fqKIugXLl5v0On96ITbQJvECelSbALLMKtZqQE5cYLgjAQnu4A6aCDVjAxLRMbw6jsRsX7EmGrY5iERksA0AAIcr7QDRq3AAF8TQtfAJne6KqrEFOnOJQJottrKS4xVNAs8Oz8wpqU6MWinA9xsmjAiPOE9mGb+Toep/wAlTX6FdRn6ly4T7Rc/EIdBREURsRpGaOKXFTpYBai9QCFE0EEGrLVBV26eXoXuYZiBd4LdvDSJ1JlQW15DjNsdaA6JBsBOGBEknEXQoa0m4PvWV385lp0MFDQKqqqPHegFJVwMqrLKoCZOD7w2OuwEGYN9wGAIUYNDrjbsnh/JnpfsN/rRxFtdPjaJD01KaYJa66aQSQoWO3Es0iKpzSt4/ibjIoQx8+ZlQIyqdKucU2oluK4SNE1CqmVLu5g8cDSoB5jnQDL5JQbHIFtbgigasBcZIpyCFXVaZ4loVdADbtqS2CEAG3dl5cQGB0xTECjcLB/FwHBRZTu5iYJrA3o6oZL0FYTDzEEtng5G7r7QBOYF41zAvbCRHALz4gg1cav/ay1JS8BPn4gbFqCW3g/wCMWmkCnVzvmXqrBaOFx8aQEAVUKuVEmr6nJQ58MwXj16gy4IroiPkFsaQjZhzhJp6QH9hEjrM6LQadWqmZ2BaHRe8pKi6miwLufzMDLDZsVlmht+JQwgWBp8IuRgjnmbJij7EJ4ZVSpCctW9Lg9BiG2owvh2YFNlI0nDNQtAfk9yANsz4f2M1h6QaeSgXUXuWwmciWnnGYuaSAi8GgQsSqshri78Sij0Byb2+5HFVWou7evzUsV5F3QVn+IlZaKC6muszNgoXSmuKiaQBhYWsgRzuVKDFuoXubzbMW4aL2e7BTvEc2whKWF6U3uxuTEA55A7S0U2wO9mzxtctryrW4DF/aCAKrwPGintECg7Oltc8RXSWlWtlXiY645IFpp+GNUoFWKbbaPfeaQiui6tWYHVUPcq83GbVLLvl/0KwRQBUdKLGonBlKXk4lMSM1TU/TpSC9dQQqKgNGblpEAKwbL/NFEBlQdh3CYaCJVKbtfaMLLoa8t0iogq5NQ+KZc8jCE8c9yFyDgFSiigqqMFMSQKgAI2BTQB0I1Gm7laJd+Fly/SuWlfo/SMET1P5UIabxvc2YnpCQiHLztKoDGNqWrtArR49rhtCVYGXmZWivwZ0+0o1sOjy88QookiYsCGapoK21y+5coO63eRxUbCy0LoPLA0Wt3fVmHS2WvS3oXM9KejDWan6a92/JDweu+l9L6DLly5cuXLly5nqpVJwdSXCmiWP/ABmEXOEdQmjD1tTgKrEsf8U6bVfrOlNSmJ01fTwYoogaish6Lly5fouX6B6Lly5cuXLlxwpQti7v4d4yUKGkdmGgWiGvXH+MW/RzKZURmd5CwrsByviIDJYGx+hnPMIS2BHQ1Oz9uIqAyLVCCJqti6ly5fWoUdtaAyrNI4BfclpI4vK0XF55zH60zArRoEsYaIiipYSYxjKDSMv6QIG0UL9zvx8QRc2v3XCCDDoSbNpHq2dQZYBirOwg4DUtAC1ZqB6AbUpe+xl5OBLaArQ3AVliATc93jEnmCfYWX4zFBeAASoglVZSk7CdhK4Ftojm2H0X9MuZqZqNzOuFgaTSxjavw2PyYml71X7Jhh98mQ8U9W8L8mbID7fiaxU0LPKW/L0a8WEn3nugpJrI0/uJffEcuXLlwbeW9iFMROWuLG/hlLtY4UbjhAaDgmR8FcAKJToLkH8tyIMgtTkUMHS5cuXLly5cuXLNxtHbz7/mBsIlNZiIQ6t1QDWkCI2HB6GBoafPHVygFvQUQWP2WusVNt3BxHaVKQVgNsK5igQEebM3ytyZcoLS2vxyViFVHTW3DUKC/QG+GHk0vpb6pcvmoitS48SLirq9LW45Cn5Jr3oaTB3/AEwYC/IgAoADQPpWfcamat3CSZybrPFlpz44+8dDPvtKXYHCIykuXLly5cuXLly5cuXA5FaB/h/mOJQypsV03fJNPABo9k2ezKHENMZsIP5Ln9Q/if1r+J/Sv4n9a/if1r+J/Q/4n9Q/if0D+J/Qf4hteOAfNa+sGUymMpzKde0t+kgIgjs/4WFA7gy4PNtP0pcaB4ktvA2XwR4/P/efvomx99Hhm8r46DdSglrInr8qaGZU6wi9jVrPDUEPdJ2SqsOq0O5KhnqH5bwSFI6PTHTEsleSU7egnYlem3HWW5lv/wAPH//aAAwDAQACAAMAAAAQttttttttttttttttttttttttttttttttttttttttttttttttttttttttttttttttttttttttttttttttttttttttttttttttttttttttttttttttttttttttttttttttttttttttttttttttttttttttttttttttttttttttttttttttttttttttttttttttttttttttttttttttttttttttttttttttttttttttttttttttttttttttttttttttttttttttttttttttttttttttttttttttttttttttttttttttttttttttttttttttttttttttttttttttttttttttttttttttttttttttttttttttttttttttttttttttttttttttttttttttttttttttttttttttttttttttttttttttttttttttttttttttttttttttttttttttttttttttttttttttttttttttttttttttttttttttttttttttttttttttttttttttttttttttttttttttttttttttttttttttttBEtttttttttttttttttttttttttttttttttttoslttttttttttttttttttttttttttttttttto1ttIhttttttttttttttttttttttttttttttt5MtttF4ydNtttttttttttttttttttttttthCYjlttttYkAkgfT/bNNI9ttttttt8CJfkn/E0kpNFtttttgAAggAAkgElsj7yAq3bttNcl5NvBZNjutttttOkkggGWoAAk5orbbYJbomvBhZw2mB7JN9tttttAAEgmJAkkkvUjbbbe8aIdQSwq0ycZJnBtttttoAkEEXigAAE7EbbbcBjzwZHw1SYWsJnadtttttgkAkibzgkkB8rbbbbFJCrbe2BADhJB/CtttttskAgkTaEkgEr47bbc29rl4bW0JABpNp8ltttttEAAkAAEEkEkf09bbYv7hfLb2xINdLkpktttttMgAAAgkkkEEA8nrbbFNpJJBTjtNJJuksVttttoUggAEAkgkgALitbbOGQg0EGAk0wGi8kitttttskAEvMpNYkgEnkbbZQEkSAFVwgU0kXHkNttttpAkkBtKOcUkkjkWbbgAINwAbbrr22ZgH5ttttt8kEkggkAAAAAnYBbbbbbbbbbdNS22pIL1ttttrAAAAAkkkkkkkV8rbf77bbbbbyTS2wpIUtttsMukkkEgkEAAAAA9MjnbzebfTeNtbS2AJKMItssprQEkEggEkkkkkObq20kE23BtttbSEY88tspttttpL6w0AAAAAAA/anSUkgNttJAMf2MttttptttttttttJv76yzCQ/xEQDJJ7m3qltttttttttttttttttttttttttttttttttttttttttttttoIltttttttttttttttttttttttttttttttttttFkttttttttttttttttttttttttttttttttttGttpFtttttttttttttttttttttttttttttttsAlttoq+5ttttttttttttttttttttttttttRCesttttvMAkEG7f7JtNttttttttttsTP0xz89tJwtttttIEEggAkEkAmL9sSkEiTLN5dN6ToBJAsd1ttttpkEkgAxaAAEn9lbbbbpG2c6aS+fKgncJ/tttttoAgkEio0kkF80bbbZ2XfLhiUVypYjZs4NttttpAEggiOsgAAv6jbbbcLq6No6R/wBUBRTC0bbbbbbBIJBE3jBJJHFG2223YJLIW39iQBCSTzFbbbbbZJBBJncJJAJW02221Tq6DsmthSADSZT4LbbbbaJBJJIIAJAIK/p623exCZy23tiQW2XJDJbbbbaZAABBIJBBJIABPW23LbbbS0hsbW20HJYrbbbbSpAAJIBIABAAjLK22VhAIllhIAwKt9dJFbbbbbZIBAxVrOHIAJt7W2zoArBN4BEtq5hufAbbbbbSBJAPfS0yZJJH5C23ABhH6W+3a6JWbCPzbbbbb5IJJBBAJJJJJLqG2222222226wlttSQXLbbbbWAAAAJJJJJJJIr5G222222222xWltRSQZbbbYZFJJAJIJIAAAABYXWLa6TLRW2LW2lsCSQIRbJZS8BJJBIAJJJJJIlGftIAJtEDbbW2kIUXlbZDbbbbS39NAAAAAAABz2kySWypbbaQUFdXbbbbTbbbbbbbbbbe/2oJBpm4/0EkSi/Ne5bbbbbbbbbbbbbbbbbbbbbbbbbbbbbbbbbbbbbbbbbbbbbbbbbbbbbbbbbbbbbbbbbbbbbbbbbbbbbbbbbbbbbbbbbbbbbbbbbbbbbbbbbbbbbbbbbbbbbbbbbbbbbbbbbbbbbbbbbbbbbbbbbbbbbbbbbbbbbbbbbbbbbbbbbbbbbbbbbbbbbbbbbbbbbbbbbbbbbbbbbbbbbbbbbbbbbbbbbbbbbbbbbbbbbbbbbbbbbbbbbbbbbbbbbbbbbbbbbbbbbbbbbbbbbbbbbbbbbbbbbbbbbbbbbbbbbbbbbbbbbbbbbbbbbbbbbbbbbbbbbbbbbbbbbbbbbbbbbbbbbbbbbbbbbbbbbbbbbbbbbbbbbbbbbbbbbbbbbbbbbbbbbbbbbbbbbbbbbbbbbbbbbbbbbbbbbbbbbbbbbbbbbbbbbbbbbbbbbbbbbbbbbbbbbbbbbbbbbbbbbbbbbbbbbbbbbbbbbbbbbbbbbbbbbbbbbbbbbbbbbbbbbbbbbbbbbbbbbbbbbbbbbbbbbbbbbbbbbbbbbbbbbbbbbbbbbbbbbbbbbbbbbbbbbbb//xAAoEQACAQIGAgICAwEAAAAAAAAAAREQISAwMUFQYUBRYHGg8ICBkcH/2gAIAQMBAT8Q/GGUDRkB6AQZUBOoHmhmCkhACIggAMYwAEYaqCnfA9CAABZmRIAgUYjxYB7ABPahAdR1YQEuvAhOg6MgRL0ElYEaoyAaINANUAgskBJ48jZeKGgCBlwQm4OEagD2GhCI7UUfDE1KdqqXGyh/aAzvCxFuETJdXoZfNqyG35IEnjDiOzIgFkr6wUklMm4qcINHyNACoMB2B+TUitAkAXEtrieYPa6NNzHTwbSxek+gOWWCzfIQtinU6UIHvYWk1pnImob+PMdMGWZQl0AnwPZZfS5PAxrjWg/gogZkHRk+eIEITQYECSoDUQDVlHy4gGwCQftNiz2BlCfpIipAMAIQIiGgCoAVLKHltXGlgluLllQWkEakIFyfFNXIFiGCScZDPauMBESEhBsWoEIBCgC7UAJACMAAgJAWAihIO4EgIGmoQm4QBJTd5ApCBQoDZ9mj/o0obQLw/XsVMVCChBL4IDFEgywmgQAuVAyh9BYgAAA/qodFBYGlUFPo+ggR5PYYnqDdAbmyWACPGgYDuwohQ32SBHt4mI4mWraPIjNgzL54ANgBC94I4wEAznjDQFpBsykTYhIhE/nCQEZ79g5YdFxBxgDBCDB9YAYnYzD2URmwGrBHjAGAMQRgPatDazyNlttt4QxQEvKMAABNDduVpJNRQxgkYhL+IqgaMiPQCDKgI1QdoYSpCAEh18LICGEAhos0EMOLEsOzN0cmoQLMYDwAFxnWpnSy9ssttnSwpikKjFQQqCHHgABAe4SaMkckZEiaiaJiX2RMA31BsexOQPO4EXcqGPGyh7iShIU64uQT0ifD3bMepCREskBJ44nGhPPiAVRCN/qQiSWjG/WJnU8grQBkLplahYEqKeBMzrWLM2JD5yO/Ik+SJvG8gMDiWZZZvkOJsjZE4hpLqIRNYUFI8Z9o+maJMilC2KO4bAKPudMHdiRbZO83AB2qUAAQzwOr5QUhxEhtiETqD3gLCCAbgCUYHQAkTVQEJe4yh5bVxqQBTTAkuwT6NY0ZSIbDdggIOHitXwUASSMTVwoG7G+9QOw1BUDVSsqACASVADUFR9iQEkyZ7BYP2oJajyAoChJtANDgA3SBB0AasBIhF5QCEgkxgUvYgCLAloAQCcrDpoiACAbEVICZBYWqEECoZ1IEKBAEifkOnikIinig0GcHgKEGEklMSpK6anhkfDpB4kN8KBDYAhb0Ak4ggGc84OCz4Gf3/wB/sFK8MeyqA6S4YOME4Qgw1w8BzMgxbwgIx8SBBhiCOGuHRoSUDpOk6TpwILpy7BDy5iBAwAceJPdJD3+EQpssHJCLMH//xAAsEQACAQIDBgcBAQEBAAAAAAAAAREhMRBBUSAwUGFxgUCRobHB8PHR4aCA/9oACAECAQE/EP8AmGACACBAAgAibQACA05IHQ6WoAPiNGPi1xlvcIsAMF0q8ABMlCOyxxCIP4XgBcmABnEJHT9yjwhhrEUFBcrkmO4eBgAUsUyrHHP2mfpM/WewQQR+kz9Jn7TOZwYZJbLurzhAiBhWdEK+V2ZBsIEEWR6PhiJEPZEIhgsQSCEjWHAisIY6dAIRP0EYCu7iCVGQpkuWBORAfQQhuEKhugC00AZ2eOwCMyPoHtOCgzid95Wx94adhoUzPwY1FfyCD+b9lg7gY9J+hyMAokUgfgicV/qJn7Sq2mjMQs8MENotgCTTggAB6Xd4+AK9wRMChqKWi5EAfi82cdTOhSHIc7HAX6kEB3yBYAjaF2UyPsdWlHUnlf4AqVi+qy9D6Pka0zFHV+yJXXukyYFLQQCqsfthUxARsgyP8oMtY+ZYoNklhF4jFBHeARXhugioVXQqXcPs5RAcpVhyCCBomBGjJ5kKQwpCql7ByIuxbmmSEQlLSS8tQQN1qnWoXECXofu8AGnIErrIq919R3ScjoWAHLNFeWg9nxiGvOyH+YSMTrH6k8NJOTB4ZEsVviToFj3jdCqgAQwF5YFbbkSyUJEC0iSK4Hdy7CvhiQm4Y+xQNGB7R7kkq2LOCRA1kMMdZAAueS9DAcl7bqrIlLWh5PeL6gDJySqJFbWQmqQExUj/AB+K8Y0WynsIdya5JNPlZVnAwANRe0sb3K/CnBKEUtwAxJoZk5LBmqNMvI5pzB388QBPSxYFRkck7ieIOAADSYI0EVeDJqL4t8UOAJsFD5BtEqgdgRAnq/pqTEnAQUbmgZSCusIVLgmTmWS4svByONSxmhhfpITGTX6RcFDaFPdgOY8kJULECOiuxByIqi8jkWPEEQL0XPP8IMr7RADRCVBUQ2kNn3wntYGLEiAT5FOEcx7ZgQOIgYwKwDF5g3UAAH6AfVRGm4jiRCXIjMAQAGMDMSDEFoqJFg9QSRcrAYNApI6opdLTkQcxk0ZuBF1/CESGhgCmRgKDAnCwr8GQV2oACmG41OQkNjUQdSpdQp+gF2A4AYN0QALoQEx16IAID2yAJe2ACrsBalijQe1ZK5lJGSYPVMECusGOuJQNfmSCd+3w2bCIBwhNJeOb2ZWMhwSAZZgEO3bej1Ec/Oi3xp7MPIWAQ8F4ASMUowAFM0uPhlNhLNCRYFiFRka8keP335/b+eec++Q3NJBYBb5j2ILRAPRdDwCIAIAhoJjwxGQtoE2BYGevIWcJdaCJ1FH3L0buBEF8jvIjePCokN6d7+i/wun5HCaQYAUAAqaXwAQzTq2/rVFFh+jF7X3eiVRERERTzJuKg9tTAaygDNwevsUc9Q4e9BgW9VbsVSxCJsNvqGewyZkMsCYgiwwxYsEMsBKf6T/0MIoWOABABBAAgAgAAUKnZFQVDg5lzjo9KACyAGBdTxkEIgmOQbUEgJJzxhAgo7+eBDAGZsBXuIJCjwPAAVkINCHfMo5wmamYuE8uGEMftCe4JPaAJJwTsBIkTBYg0BUE4ZAD3zyboAEWGVWNCUkP258Ihb1z0FgdQZogc1CWqIwo0MuqQRdKTR6WqQIre1qkW8qUTVEPwBn1hTtcNtXAzpEE/QBU8unvmHyI4WJgsu+x3bKJ95jXa+qzXAMRAAEIY2ggLCjKG7xoBXuBkBcFYNgLSyIHZMSXj6gu9WA7WT0Ma6yT6VkV/SwDjWXOBzH24NS6gO+q/wCD6PkNkKQo6v2RdmkESrsAlq5IeOkyYvt3SaYtUCgzRysMvtErlOJsk2JZ4aZiI6z+bHngW/uAHSTdELDpAgeW4o5kDSR1xkhT6YxSwl1oQXC5TCGodrmBKpKb0rI90yNP1Eei0J5Dy/xQO8igr8hhaAiZjAGoNBxk9O2iSF5VSoiR8XAfxmkwnMTwpynPWoQ+hAIcVUZA1K5keKSbgALeCHQVPAfYAAQGYaAXlu52ZJ3M7L2yzxMQPVChO3ahBEsW3nLYKSHtlmTp/sYGgyEVOlMMqwrFTUI+glaAIUlWaNQgWrRKACl1LuPCiwz1AwAf6DbaDwnbX4S4AFDfqG5QNmoFrFjOZNmpRRG+5Ak6A5EzPKhzwCTqGRKS2egTaku6JCvO3BPETgBoPueKFbeFHx5yAoOCCHgINCholggQCrUdpgyA2NFpflchD2EUymVKYFg7/bApDCKgm0KL8EVVRofbqZn+A0LJH4cEAYfGAWL10pSaOwVmCVQFT3SDMU+aTyR4WgyOl4KMhREfXmYo2A89oqfUwE7tFwAAD3HWq7Q2RrCEQhv/AAxSDePM0wBpzbUFpiLJSLKe64UqQ9Afx5i+piIXL5xsGkSVK+5dCIUibDBJxCYcFRkC4yw4IxMVmTYsK/BsEknqAAwXCAD1oSAmJppoyCiCBkeroQIwgIQAAAgf0C1A7PKE3IpIuRewKmgiejZZUQlpAdAJqBqAmQQEUGcCDP7BvAwAbxXBZs1KgmCAIHvWGIHwRTscEDIMwABQi7AE4RaFHxo9mHkLAIdjgqEiijesYn8GxUa8xIoYQK4qPFKHPtPBnK+uJCcni5yA86376Hs6AM4OE8CIAIBiMiwiv69CiAwAaJA7bzTmLyRG8eLTywV+lzYVe5B8IxgCAZ3ofTPLAQm/ivkyRgV/q47lYIH5iPxEfgD8RH4iPxB+Yj8Qcl5C0PuchHvuMZWCxfZCnBk2E4BL6hu1qBEAAAPIK80dzAvhkNUAeJlPwmJ9vOCGLChJYEYRhnBBSxAoksASP+HmFhj/xAAtEAACAgAEBQMDBQEBAAAAAAAAARARICEwMUBBUWFxgZGxUKHwcMHR4fGgYP/aAAgBAQABPxD/AIZfbFEQBd+ijVBlAqkAEMVZgBVJDtg6QDuAPOVloIgiQfdsNjzQIf8AxgBOwMpBK5xSQVxjBzr4hcN0jM5Da28fWRIA3Vo0AZcAgh9MRhbIQgBO0nNfgy8cAkB4mh0wGBgYEXnusjiMZO5xsiTLsq3jDCyHSgkAAVfAkjnmOAAC3gjBSaRGTqMYQuCEaDqBMQgFkQMJ6zI4MGBAAIAACQIIAAjEDxep5F9yuqCnUp1K6inUrqL8R642v4RBEn4SBQwIF1HAgJmwwQJYSigOwaaUmZwcs0MAvYwDAlselYIBQkwBhiWI4IAL2EIvQEQEEAWLUadh+teHz9N8DPTFAQZCOp4HvspueiZhMRlPXvs8JB3eJ2rmfkg4JCAV8aRdkrIelVX4MFNlvjgnmsVjybh5NFK/GTsddKzzhqczz+5TcrX6ULRRr330Hptm4tQYHVcyFAhli120OXtYNQCdoFvMOUjhBnfVIQskXNAAAkAyIKSB0mKAQ1dAAfmBlGaMBZA0Fn3lUej3BVaxqCRxY/JrfzQ/tIt/zsSj3ONk5rOgMyM0yCBCD7h/4ErdYGqhvtp4X4yWLYW89JcCwCi99v3hPVJd7qRPwRG36iuS9jmOGfnWwKariawXTUL92/wt0tWilQ2zgSE7Fj2QUQkkCQMhUFtUIBl2B66OEbACLGStNFhGF69EdxLcy4po1zyv+00YyeHRff6RIBHi0YIhRrkqAS9F006DFntY8ARPk+xOLJFQWtbOq4wbiK92Fnk6LNyxMtqAwQ3kZEYzJpu1bTR+tK995SDUggIOBQgJELCkQ2AW8Sg0ikLv2650ShbBIp5gT2wDIeYA/DIGSBRVAAcZA9vYwcQT1ABL7BBNANmKQPELAAOGozcCAgoVNxB604UIe4UaAZKMAOth8fwWUAXIvCbCA0ixDk7CAaybxspYew5fHyeCDaZZl/obkDzOMGZIgUhuqaYhU4KSBYFgxRaZjEgXEQVEhESDhVBW+AAVwkQAZ/8ARCHe4PxDCz3+NWiDAn3AAbwBSuBXWsLaEFJUgkZLNKaxN8GnYfY0ygeuta4KrtfELvzIG8HGW1bF0Rl/vrSABCAAV6ncQNggAK27IIBMKQICYAADaQQM3zAY3+uQBzKQBcoGBWBZQ0QHchIK0QAKk41nQZBYOtVJXezPzDgMvQGFS0TInRbL+VwxG0Fpc6px/slHDnJJ13fM50mwW79I0D9bpWnn62v4ux/ayk62AgaSZU7QON4F4MpsDRELRmA2UCalD0gBRzQisIMsgIBkACUBVIVIOp+BYpAZG5BUpfAcIWKGMDpxYFmio+8CjYAVWY9PjWLQX5wAKtGZtIAEKpSUaA24gKETmj2ACcbJglO3UhVRWgC8WcBEgqMOhiC12MMKEGoAFoEAAqqAqAAMyQEQGYQg74iAGYsCj0pAb6BAdxmCraYAAFhADCIAD+EAIaxgCRRSEED0c8BYQTQADyA0BoAWCABmqQCRunTC7YAWHkKACgBL4NaymtRG3pzFLUeij4BfGF/QwygCOCUvc5gYAuw5Skpw63ewFucGSx3kCO5p3duE76ZyEXA8wEyBsiRiFjnoBsxHK5IQGDgXFGBA7rADowagDzIIKgZBzDYACfoBHGgQhGDQQ5BJDABM4ABAhBBEAOQoEARCMcCIABEABAQAMUAyQAGYDpKEgLAOxAK1wRTmgIc4Ry2LJBCXmQTCECpIbi7g5hhJArVJESTcKUmjJ+vwsAN9WAkUR60qUgACefBAAubLgzEBuCqobeiLPgOEAwEAHIAAOIwAoIBZj2ABoACRgAomKQFEAqAWRCtYQJQFQbHFz/4DZZZZZZZZc7IAGEyAWBAADEf1q+gCeYAlxByZXLpsFll4BZekAHrgBJugHKfGi/vdgccAoZGoCi+wAi0MQKpMlDhkG00JvcSBll4BeCtocAg8/wCjLiM65yR8eeiBAg9RgLAkXnaZACpYCIe4AAVQTGSXBeRDIQuOOL/ODAcertGNhmBDfEIyLjq5gzTIQz1IdruJ9tsGQQLp4WF/nD/OHr8Qa6aBCMgVAEvvFwbAWdIIYAhTcEVABBYEoggBZEAYFaGYbC9YgjmgRgWKvfxDj8AXYI2TBJT1XtxImtCfDm6B5SNuDiyyyyyyyyyyyiYoYJuhAVZtxpUHZ7CUGgNwkXcrBzilrMX0DtOiso+AKRmI4c6TO0OSP8+0zvEiCywjGBO7C9QhGUAqWNLhhAoQATqsYAcIDZEiyAOuWYkzQsMgG8+lDyS94AAB/wD/ALBEGf3AAKvzog9PtrRonRCio0uOOGGGGMMNp/QDQGQeHAO9rgCDhSApAwFbUWwFLkrJhT5Hv4IVPwXsPqR1Ri76p+P5hr3/ACe5/jHOSOpnlToiEo2aQn+9mlFgEFffFirr/pVHmzVGQ4koMMBVIQfo8QyqMgIrCWZdIPcAcdoTIIFD6tBBhAVykUbVg6pILIwEFHS7/W/OAJLPi8dbjAxgDJAhfyAX9M1oAjyUAAG5BUjbziICH08iNKhhhDgFEWDPGHka7lG4gDJGFphmmfkAIr6FEILwFBdJB5JBAeibihnHCAdECCE7AsQCBh6R4XICAAAyAAWJCMIDaJ3aEA7MrIi8x2H7SFOx4ovEU7STyl9iu49Y9ZTOTlEBVbaZskQpgas2wogAJDCpIjXcjVm+sANZwVlErCKCdoBYvgagIIcAOAOR0QhP3UlYYAOJgRaLim5oGUieZ+21+BZLD6JFbbckUJ5PQrK5v3UFHkDguYqKQ0UDyo4ERMhJVfFXCbtQik5vvm4Nd0dLUa36R3KhlTAr2eToAm8A8GWp9vwB2TzNd80C69rJdQEsAkBDAN9zGQGXIIN/WcQZD3CSECFkSEEOBBDroBj/APgCoJeMigGGYZhqj0tyy6/IhSb0sQGKJC7BLz3jvch69wJuweYqB+XYm0lq4gysIArUaHcCMJ+Y6HcH+9cU7qikBaafBCknkK5HqvgQdtlD8UYVqTeKW/N37YvdFsm7AzAgGXrEFQkGxaGybRBEFXlLAwedGC/1KyQcZIEmmb1+jpA094D5eBbYh9io+xt+Dn7jK/ZpBWcvbOosA3p4LSa4bc0fq4BzK/bJwDlbKjdpM623HfHcqprmUl4+TSNUfty5Txu136HLQ4EcGlA27x359Q9icGw2cAq5fenmCA6ZSJW3AhAkQoPeDW0aJSLNBgqdMEEhDwEMcdg2fccCgCINkDZohUDkZ4Ct2JV4hiR6w4UEPZdgUMYC3B0BGDIPABcl4DYEHAi5muiKINzWPabgD2JJJ3Bu0vErrUBu5xENQGjxH5Y4lGAHyMBoCvulFCNwTk1OLEMFP8lRALEqFQPAg64wEnwMAG+t4gES1Oyx6v7ycCTmwE5BDsKIEoCeyINPqmMBRDeLNcHMo1ZVaSyo9TQeGfpBgAHGJwEqZZHsoOFA5wZmkMfl0D0U5oAVJzD0gEoECAX4KESACiIoBUGgAcUZfGmjADvCIED8RFQQwQgKxG1yrgUYgRCwQMF3kdzEfIMTKAyCb8bAObNMdeAejLi96DMWgtFdVXDFR/6Tz3JG5jCrRrAbzCt8i9KFZ6243NIM5x0xlhQALEAQBHHYDFUIyuFAsIqmKpVMfAkIsAIgAaQ2qMZIz6ucMAaYRkdwyyzSQxgQNadJQAirxSAdipABnIL2BEDo10IAJ9NQDIKmGDCertVQL1EqBQVEGgZyboQBkQQs4LEANoBqFAkAAJYJGRBaQgAAVgAWwhAJ7MyIazAHiMBYRAAuQAAc15YBYgJARQGyMToHzAVPIALggVVkEC2PZMAixAFrQAIABvgt3ClxPDRC1Q9RkT0sEwOGCKJlkU34AAnhCig7AEFKroLuRSte6T9QKA745J7gWRMDb3JC4HmDmBEADhqB63A2Ym/rYAcFBAAEFGDIAm14AY5CIBAoAhTTAgASe0YQGdBEBN/scgFfITfvkADK+zAiFQwYPHBAtjN4ACSlRMAspAgBfAA0QAPdwAEEl4SAA26iEABm+4AAVKaIAqyYfFkHBQAW7AARwICT7JD3xCDQAtCbWlaZtRr6/wAIA0aqFEivJKkVzLVCsBdwZUx04AxZeUSAHDU6kBZepVkNbOyJgBCACmAEYWQTKowERQF2cEN9AAyKAyRyEaAEEgS0CkeEBmMQSgqGxxKmdgXrIA8CByTh2Dchlv8A0DPhMAJPCQ3tN2NLKtwbCyy5LLL1QATYGRuiMJkCGpI7jaK7YhDIkHLK61GiBHoQARYDoIaGBCNWWcxIDG8AsuE0hszGJLES4vkMtz1ILQuLoflYOSphWOCgMWWWWWWWPJ6BH4GFgR94hgwPk4QVEAKpSqZ8jAtFoo9kGzKMT+YMYAetgeMJ91mASbi3L2ikSqncU3U21gsIgn4AvDCTsBDgQiaSrDE41YpQkASbtMwOG3mgdBJ41hEgwE0bYhzttKAm2JmZbcquX5iyBB4vCgUJJA5mmgvTACzT5gCGAAFoyc12g/ESPGnhIUUjcwMtgwL3JdoDGYEHoDQB8r7/AItowS5xsZajUnppnSwURYnb+MBeoIVwUSzBLJARrgwAMAUo1iAx0gDnWQv9yWrN4UjVMD7bgXPikB/+RwslshrCQzLPwEoMZT/dCtIZs2bNmxZk2Jhe2/06gAFcAIB2gwCt6gPmfiqjFf2SNfybJP7fIgUvqH4/kP2lSKyj7hgvbDzBigg7LSvyIeDx9hSMDp0MAX2RfRMHelFTtMNFf/h6h//Z\" data-filename=\"product-spanduk-600x600.jpg\" style=\"width: 600px;\"></p>', '2021-02-18 10:54:44');
INSERT INTO `tb_produk` (`id_produk`, `id_toko`, `nama_produk`, `id_kategori`, `merk`, `berat`, `deskripsi`, `tanggal`) VALUES
('PR-20210218105533', 'PT-20210218044528', 'Stempel', 8, '-', 50, '<p>          <img src=\"data:image/jpeg;base64,/9j/4AAQSkZJRgABAQAAAQABAAD/2wCEAAkGBxMTEhUTEhMVFRUVGBoYFxgWGBgWGBoYGBgYFx0XFRYYHSgiGholHRcYITIhJiorLi4uGCAzODMtNygtLisBCgoKDg0OGxAQGi0mICUtLS0tLi0tLS8tLS0tLS0tLS0tLy0tLS0tLS0tLS0tLS0tLS0tLS0tLS0tLy0tLS0tLf/AABEIAOEA4QMBIgACEQEDEQH/xAAcAAEAAQUBAQAAAAAAAAAAAAAABQIDBAYHAQj/xABJEAACAQIEAwUECAIHBgUFAAABAhEAAwQSITEFQVEGByJhcRMygZEUQnKhscHR8FJiIzNDc5Lh8QgVNVOCgyVjorPCFkR0k7L/xAAaAQEAAwEBAQAAAAAAAAAAAAAAAQIDBQQG/8QALBEAAgIBBAAFAwMFAAAAAAAAAAECEQMEEiExEyJBUXFhgcEFMvAUM0LR4f/aAAwDAQACEQMRAD8A7jSlKAUpSgFKUoBSlKAUpSgFKUoBSlKAUpSgFKUoBSlKAUpSgFKUoBSlKAUpSgFKUoBSlKAUpSgFKUoBSlKAUpSgFKUoBSlKAUpSgFKUoBSlKAUpSgFKUoBSlKAUpSgFKUoBSlKAUpSgFKUoBSlKAUpSgFKUoBSlKAUpXMe9ftPeW7b4dhmyNfyLcfXN/SuLaqDyB1kjWOlQ3RfHBzdI2TtB2/wWFb2Zc3rsx7OyA7Zv4SZChv5ZnyqGxHeDi8udOHZE08WIv+w1PIh7YH315wXsmuDWMOUFyYe5cTMX5ZBDKba7wFPKSGNSFvAXbjLddPYXbRZUyuLuZWyhiyZAchKIQZDQNYBKlyaqMP5/P9mL/wDXGMVVd+Hi4hEzh7zXT8ALOUjzDVIdn+8PB4lhbJaxdJjJdgAnorglSfKQfKrVzhdxFutbYNduOGJuIVSQFXwqATOVRqSxJPikAAROI7JribJGLUm5LZb4YNdg6qWZRlP2BNvQQBsHI24zpNK5B2U7S4jh2KXAY1i9liFtXDsJIAZSdcmsFSZUnpv1+lmeTG4P6egpSlSZilKUApSlAKUpQClKUApSlAKUpQClKUApSlAKVo3bPvMw2CJtWgMRfGhRWARPK7cAMN/KAT1jeue3e93iLNIGHQdBbY/NmuflUNo1hhnJWkd7pXE7HfFilVQ9izcbUsQWtzqYUDWNI1115Ctr7Pd7ODvwuIDYVzzuENan++GijzcLS0RLFOPLR0GuDd7mI/8AFGKGHt27JB/hdSbin4SprvCsCJGoNfOXefiM3FsSYjKUX/DbT9KrPo9OgrxueqOx9ju0ljG2g6Qt0f1tvco53JHNTGjbQaiu2HGxlW1aN6zcV5gBrYZIIOVhAYSV1EjSuN4K66Mt227W3HuuhIYfHmPLbyrccL22xV1Rav2bONHLxC1dB6jLrm81UVTc5Kj3rRLDkWT90flfkz8Hxa6txHN28wVgWU3HYFZhhBaCYmt34TjheQuq3AuylkWG32AYkgRExHSY05e/GPZvL4LEFQfcuk2wYOgdwm3oBNe8Y7wcbdX2aZMMkRFqS8bQLh93pooquK4fuZvrcEdS4vDCvrwke973EkuX7VpCC2HS5njZWulCEn+IC2Cemeu4cJZjYtFpzG2mad5yiZ+NfOXZbAi9jsPYYGHuAtzkAhmn11metfTFaxd2zl62Ece3GnbXf3FKUq54BSlKAUpSgFKUoBSlKAUpSgFKVQ9wDcgepigK6V4rA7EH0r2gFcl74u2ty2/0DDMVbKGvuphgG1W0pGqkjxE7wVA3Ndar5c7VYk3MfjLjak4i6P8ApR2Rf/Si1WbpHq0eJZMtMjnw0IHUeEABo+qf4iOSnaeREHcTStXLFxgZUkEbEGD00PppWVaxC/2mHDeaN7JvPQKyn4KPWs1JPs6UsGSPStGGfXl5H8CapNSF04cnwjEAdCto/fnH4VZL2xtZLnkbrEqP+1bgNp/ExHUGpe33KLHlf+DJvsR25vcPuoMxfCNGe0dQqkx7Sz/Cwico0YeZDCO7WX/acQxThswN64VbcFcxykHpliKirw3J1J1JO8/Db05DSvMIm3y+RiPkKjdaLxweHkT9aJaysKK8e2DuAfWrg2FeCqHTj0WEsqPdUD0EVWwgVVWHxS/lAUbtrPMAdPMkx86LsrlltgTfYzj9nB43295XfIhCrbALZ201JICwDMk/A1ud7vqck+zwKxyLXzPxVbUD5muRW0jQj9/nV0k9avufocqeGEpXNcnXsH3xXCTnwSBVXMxF5pC5lXQexMmWGkiti4N3qcPvELcZsM3/AJ4AT/8AapKqPtEV8/G8+ozaEAESNgQwkbxKg/AUS7/FJnp+NTuZn/S45X6H1ujggEEEHUEagg8waqr5p7Hdt8Rw5wEJuYcnxWW93U6tbP8AZv6aGdRzH0PwPi9rF2ExFhs1txI5EEaFWHJgQQR5VonZ4MuF43TM+lKVJkKUpQClKUBReuqil3YKqglmYgAACSSToABzrmfEe8e/irjWeE2QyqcrYm/K2gTsFXTeREydfcI1qM78O0LNcTAIYTKLt/8AmJJ9nbPkMpYjnKdKiew/FIwrWVu27FxDcbO4kw5zBhJAkBRuTOTY5TVd3NHphgfh737m0YXgGJujNjOIYq6eYtuLNo/ZW2NY010GtYPaDhuEAW3ftYh0WSh9u5kmJyzen5gDpUtwjG5PBee4xuE+zzWnt+EKDkGbcwHaDDETA0rA4x2YZ3L2WBLHxC4zczyfUwNfCRGoggaUk3XlNtPDH4lZXSNSbhNlXH0G9icO7MqqNAslgAM9pg4kkanN6VOcI7yMbgrvsOIp7ZVAzEAC6qkwHRhC3kPLY6GTIIq7iuDphWtXLl9RDLmUiGJmf6JR4jG8QZE7bGD7fdoEvhLa2woScoKqHEkSbh+pOURb35sAYArHck3I1zQwymo4rafv2dz4TxOzibSX7Di5bcSrD7wQdQQdCDqCCDXzFx0ZcXiVMz9IvaHSIvXBFbj3NccNjG/RiT7LFTpyW8oLKw5DMoKnqQnSrnfZ2YNnEDG2x/RXyFuR9W8BAPo6j/Ep/iFJeaJnhj4Go2yOfWrkGpjA4m0GHtEzLz1ioOsuwpIiR8vzmsejvcNUyd4lewZA9gl1DzFxlb5EcvXWoa6RVF7w7/dVgNJFG7JjWOPDb+Sm4ZOuk/p+/nXuEMkR6j4mfzrK4bgrt++tiwua7c8Kjz/iYjZFEknp8KyeNW7NrHXrFogLbYW02hvZoqFgRpmLKxI6n1q6XBzcuePjpN+hdYVRVxqpiqnRXRQBUXjTN0+UL8Mof/5mpZRULjv6xuub8ABUox1EuY/P4Kss16VPOqUapTBOjQHMdajktKEJK2R2doyy2Wc2XMcsgEZo2mCRVoj1rZcbwzDCDbxGckCVa0UIPMZ8xB+VRV7DKBNS7RjHBCXKbI9kJ8hXW/8AZ+xpjF4c+6pt3V+04dG/9tPvrlLGK6t3A4Ig4y8dj7JB6j2jn7nT51aD5PJroRjio6/SlK2OMKUpQClKUB85d5rf+LYyeTWgPT6PaMfvrUFhiyEOjFWjcdDuCCIIPQyDG1bH3sWMnF786C6lq5r/AHYtyD/261e1c5GvPPs+i0G2WJRZstjtTeEZ7dtymqlTdssDBBI9m2UGCdlG5o/aUeIrhVRm3b6RenzzZAped4LEVE4XEKD4hPrUva4phQhBsAvuHzMI9V1Bqyk/c0npMS6g/s/+kTc4hdJJBVJEH2S5SR0LsWcjymKwsg6VnY3FKx8KwPvqPuP8KpKTfqenFgx41ajRkdn7hXGYVl0IxNj77qiPiJHxr6M7acGGMwWIw/N0OTyuL4kPwYLXzn2ZtZ8fhFGs4mwY8luqSf8ACGNfU1a4+jgfqLvL9j47w7mJ/foay0xRHKavdorITGYtF0VMTfUDyF1wPuFYE1R9nuwyk4LkyruIB5N8YqgXvhtr05TVNy2enKamOw3DBiuIYWwwlWuZnHIpbU3CD5HLl/6qJJk5csoY2zbOL2P908JTICmM4iYdyf6S3YAzFQeRgqDEQ1w/wiucWRMXAsxoVEDWIJk+UR6117/aIw7FcG4EgG6nnmf2TD4EW2HyrjeGLBvDz08iOh/WvQkcBybdslLGJP1GzAaENqR5TvPrWQuPMaoZ8iCPviow3kJnQNIEnkukgN03+dXTcMH7aqGzHY5QdDInUmeUc6q4Jnphq8sFSkZoxzckI9SP86h/bM5ZyBHOOQA0bXU6CCeUDzrIbL9e4TBiJGogSCo356wKx7F6HBWQBHr4MxH+lRsRMtZllJOT6Mq0ZqvWd/yrDe4UuMBBAYwBppOwrItXpMkRrrWLXJ2ceeMo2+DJuOw6/P8AQ61QCT1qi5fUx+/wq6mKSQAZJ2A3npUUXlmSjbYKaa6ffXfu6PhRscOQsuVr7NeIO8NCoTOxNtUMVpfd53efScmLxcGxvbtAaXY2a4T/AGUz4fraGcujdorWEaOLq8/iSpdClKVoeMUpSgFKUoDlvfT2bZxax9pS3sFKXwBJ9kfEH+yhLT5OTsDXG7sTpt5V9bV86d6vZkYHGg2VAsYkF7ajQK4I9oijpLKwGkZ4GgrOcb5OhodSsb2y6IIWz5feK89kfL5n9KxbWPj3tvuHxAIrI/3gnVvgs/MlhHrr6VjTO4tRFrhlxbZ8vxrCvNrHQ1ducTH1VJ9dKi8XiD+Z6nU6fhUqJTLqYxR1Hua7Llrv+8r8LZs5haLGAz6ozydMiDMJ/i+zW59ou9zh+GlbTnFP0sQU+N0+GPs5j5V894nil+7bt2rt52t21VUtlj7NQogQghZ84k8zWLXoSpHzmSbyScmS3HeN/S8VexBQWjdfNkBLAaAaMQJJIJ2Gpqi2g5VFMJ3/AHqKrsIxICZiTsAZ8+dVcLPXg1qxrbJWS11pmuhdw3Cw+Lu4gsv9DayKk+ObrDxx/CAhWepPTXkrEmZZj8f0rpncFj7VrG3Udwhu2lS3m2ZgxOUE6Zo2HODFIworqdYssdsUbf3z+JrNszGVj5ancefh/CuL3MNBlf35+Xy5bbV3bve4SzJaxSyRalLgAmFciH8gG0P2pOimuLuNSK0Rz/UjnsidZHUwY9ZAP3142FCFG9paYGD4LlokeI6QLkzAB1A3rNK8xIPVSQfurJxly8YF289yAAM2pAHKSSdPWpoIhTbXXxyZJhfEdTMHLPWqLNts6iDvsNdjzI6VKhJEbir+ExVm2rS1uQD4ZGoA93SSJ22qAQy6sx6s3ykmsjDbnoBJJqxhMp0B0A0mJiJWfOInzmr4TQjrE/DWsH2d7DHfBUW28R2rZOwPZoYrGW7RmGln8rSxnjmJkJI2LioPBqIY+g/Ou09yfA3S3dxdxcvtsqWZ3NtSSXHkzER1FsHYipjyzzauW2NHTLdsKAqgAAAADQADQADpVVKVqcsUpSgFKUoBXjGNToBXNO3/AHspgrz4bD2hevIBnZmi2jETlIXV2GkgRvvOlcb7R9sMbjifpF9ik/1SeC1/gHverSaE0d17Td6/D8LKo5xN0fUsQyg/zXT4R6AkjpXGe2/eBiOItbFxLdq0jFkRJLAlSPFcOraE7ADy0rUwOlUONJ6QfhUMtHhpklbchgRv+9/Ksi3YHnr+VYuGYHUdKz7Gx30iPWY+UT8hWB9BGK27jDxNuNudYvEFhiOhj76kb9eXOFG5hLmMDg+zxCWWQakZ7bt7RzyXMFQdTm6CrQ5PNrajD5ImleivCuv7itTkHtXsPhWYSrEc/rfVk/VPkfPTSrCkHX/X0q6l9wIDEegWfLWKsirKbtkqYkHfaeXr6ivFMeW3ODI1Bmq7l1m1ZieewH4CqaMHYu7nvTUqMJxRwQRlS+8QwI9zEcpjTPseeup1XF8Lt4rE3TgA1vCr4jcxDBEtrrLF2HgtmPCGl95AgxpvD1m56Lp6kxX0L3d4dG4fhTbA9zxx/wA7OweYG+b7qpfNHojjUcayNXbpGpju7tWrRuXLly+wAMW4VTJCz4hclBJJZRspMcjfwvZTBXGFlSjlwWDWLttysfxkWwVXWA2bUwIrfX4RZw5fEZcuRGYqki3rmLuLaRNwjTMdYGkSZjn7V4WPeuMPO0dT1Mx1qG0u2aQhPIvJFv4RzPivYIMzrhbgxBtasknMhkjKHYsjPoZXMCI2rn+Pwj2iwYHQwwYFWU7w6nUbjzr6S4bw/DrFy0pEoAsM+VbbBXCpbJy21mDlUDYVqvelwBHw7YoQty3kB2i4jXEtw3mueQfh6W57K+ST2tfc4aIkHmOYr1bzjZtOpH5iJq59FhygPmPTU8uhEVdv4O6FGYgqNQM20gE6MBHKelTw0Y7p45NJ0W1xTDSZ5xsJ6nqPKt+7B96l/A2reHu21v4dJAIOS6qlidCTlcCdAY23rncgCaycNhS2rDfZf3zqrqJeMJ5pV2fVfZftVhcfbz4a6GiM6Hw3Enk6HUc9djGhNTVfKuGwq2z4ZBiMysyeoBQjTT4xWxcM49ctKdLvUNaxGItsD5g3Crg6aMI8taKVl56SUfU+iKVxfgXepiLRAxCnE2eZhUxC+fhAS56Qp8zXW+D8Vs4q0t7DuLlttiOvMMDqrDYg6ips888codozaUpUlD5J7YLHEMb/APlYj/3nqKFS/bC8W4hjCwAJxN4EDbw3GX8qiKFjyhNDQ0BaOYN4DA5x61kpjbg0zLrG49fPyqyw/fxFXrLOslUBzKy+6W0MRz8v3pTamXjmnFVFsou3Gb3m+A0qY7KdoDg2uKbSX8PeUJfsPEOoJIyturrJIPn8RDNbI3Ef6R1mvFpVFZTlLmTsn+0PBURRicI5u4S40KxEXLTn+xxKj3XHJtmGoqCrM4ZxS5YYm3lhlyXLby9u6nNLiaSOehkHUEHWrOKCFi1sEKfqEyyH+Gfrr0bnzg7ipi3EjUb8x1qtaqqjLuetCSuvJqp8sAqXkjxAhQoPOCJJFU0IL2AaHJ6AfeT+lb72L7YXcAxgG5Ycy9uQCG2z2idA0aEHQwNq0HCD3vUD7j+tTmDWZrGfErR29DCM8Oya4Z2xuOJj0P0LGhXKw1i4ttSQd5DpnUnUSMw/GtQxOHa02S4CjDk35HZh5iRpWkuqn3kDxtrlM9QYIn4VltjNABexyxyOILKPsxk0+FUnFT7Pbpoz0rcYcp/T8nV+A2HsW1u4vECzaRYS3cyJC5dC5ZZEclmevStH7wO16Ypfo+HJNkMGuXCMvtCmqqi7i2G8UmJIEaVqV1Axk5mbkznM3zMmrOIGwHNgD89aspUqRhLSxjN5cjTfdJUiJvz7QkMVIET5j/Py5V7euvEF0IHTfWAfUmPvNeWrKv4hdtDNqRcz24JMlcxXKfWRzr36BcIkKp6lHRvho2vwnnW6VI4OSW6Tl7mId1B5kfr+VS1pJ8o59KjHtMrqGUqZ2MenInrUtY0JHP8ASsch1v0qKd2Sdq0bmtuMx1NufFPPID7yzqI1ExG02rj5DDAoZ2YFDz5NHrXuGwouQJAOkZtp9eXxipG4mNtoAXuhI0m4t1Y38JzMpHoahO0eqeCpbYtfDI+0JOnxO8ae8xOwHU1s/dLx02OICyCfY4ospXkHALW7kciQuQ9cwn3RWrYi476O7N5TA9SogE+cVm9jMOX4jhFXf6QjfC2faN/6UailzwZajT1ik510fTFKUrc4Bwvvi7CNbu3MfaE2rpDXY3tvAXMw522iSfqkmdDpykjWDoRX2RcthgVYAggggiQQdCCDuK4D3o93RwhOIwwP0Ynbc2Cfqk87UxB+rsdIoDmjD9kT9360UVUQQYOjDlQihNlJFZeHxpXZTy59NRMa76767czWKteVNgu4i4G1yx5kyfT76tGvaRUECK8pQ1BIryvYrwjc/v8AyqUCrLop6ifvrxqzFwk5QzclVQFgkkAhRqSTrtvW49n+6jHYmGK/RrR+tfBDkfy2Qc0/ay1JBpGBXf7X5LWwYNfCfWsjtl2bt8Pxf0a3ce5lt22ZngEu5eYCgQsBdNTvrVrDL4awn2d7Qf20VRVBFV1S1ZnTQFR+MuRHofvBH+dSDmBUViRmcDrVonk1T4I9bXhJgDnBPLy/fpVg2hzAPwqbucMuqiMyowdfqsZgDKTBAy8tKirqQY+W23wr1HzJZKhYYDYzoKmcHqw+fzEyPIg1EVJ2r39FYIIzL7RY/l9oSs+msVlkVnQ0OZwnXuShsnkYPyp7R9dd9/PQDUjfYfKrdvGKfeDLvt6GNY2mPhO29Vribf8AGPkaxpndWaL7LdzN0P7866R3K8DLXrmKYeG0vs06e0cAsZ5lUgf9w78oLsd2Pu8QIdW9nYHvXSJJ20tqd2I5nQaGDIB7nwfhlrDWUsWVyoggDcmTJZjzYkkk8yTV8cPVnI/UNWp+SLMylKVsckVRdtqylWAZWBBBEgg6EEHcVXSgPn7vS7vvoh9tZB+jMdDubDE6I/W2TopPUKdYnm5BBytow/cjyr7FxFhbiMjqHRwVZWAKspEEMDoQRyr5+7zO744NvaWpbDMfA5lmssdrV07lCdFY76A6wWEHOjXlVEEHKwhhv+oPSvCKCwKCk0FCRXlVohPp12A9Sau2sIx5R9r15KNfnShZjzXqjUAiQSAfQkD86klwSjqT5+s7VaOFCjMxJykMfRdTp8KmiLPqfhPZnB4Zi+Hw1m25EZlQBo2gNuBoNNqlq8BoTGpqCTg/fVw02+Ird0y37Ska65rXgYR0g2yPU1rNr3RWX3p9sVx2JW5YEWrGe2jMQRdGZCXjSFJGnOFB02Ebbxi7N4T56DXodj+NZTi+zraDURS2SdF+vKrUV5FZnZTLOJMCs3sJwP6Zj7VpkZrQk3ipZcqBTEupBWWhRBB18jUbxHEKoGYgD8fQV2nuT4dbThy4hVPtMQzm4xMki3ce2i+QAEx1ZutaQRytfnSW1PljGd0+FY+DEYpBEBc1t1ExtnQtyG55VEX+5Ky3/wB5d/wJNdK4xxexhbRvYi6tq2u7MefRRuzeQkmuJdte9+/fzWsAGsWtQbp/rm+wNrQ+bfZrU4ph9ruxfC+HSt7G4i9eiRYtC0H12LkqRbX1+ANaLgwDly6gaEHX6xJBIAnc61jPJJJMkkkk6kk6kknck86qwjstxcus8jt5kVWStG+nyLHO5E/dsEDTnoPWR90UtcLN17dpdXuXFtgciWO2mw8+VWBxSAEykFMzEAZpLhAT56WlAHLXrVfCe1DYbFWr9u2r+xYkq5gNIykAicpgmG11rNRdnRzaqHhunyfT/BeGJhrFuzb91Fidix5sfMmT8azagOyHa7DcQtZ7D+JY9paaBctk/wAS9OjDQ1P1sccUpSgFKUoBVrFYdLiNbuKHRwVZWEhlIggg7irtKA+eO8nsA+EfPblsO5/o33Ntj/ZXDzB2VuegPigtpVpA4yuIddDyPkR1HnX1tjMIl1Gt3VDo4KsrCQQdwRXBu8HsM2EuB0JNpjFq4dSDv7G8ec8m5x1GsohmgNgec+o6j8jtV04O3Iy5yI1zgQDJ6Hxf5VeR5kEQw0Ycwf06HnVYqQeC2NPL96DlS7eVRLEAfvbrRrgGm56D96Vaw/DzcugBWuXH0W2gLnTkqgSfPlvNAe2r+YSoOs76fM7Vn8D4Ldxd9bFtGuFmUOFEpbQtq9w8hln3t4gCdK6F2V7pbjw+Ob2Sf8i2RnPlcujRB5JJ/mFdY4VwuzhrYtYe2tpB9VRGvU8yT1OpqLBmVqfepjWtcKxTJozKtsHaPbXEtEg+jmtsrUO9a0H4bdQ/XKAHowYMD8Cs/CoJPmfCXAp190/cYifkSP8ASs8AiAPGsczr65iYI2+dYV3DMpII2+AnWfhpV0uVjJt0PigmOh02++rEIzLSjdMwkE+GdRGsRvEjardy6Bu9z4Fz8dPhr+tYtvEQRK6qpXfrl12092qhiMioABog6jUgfoah0XU5L1LOKQFi0biBOpPhJBzSd4/Cus/7P3HGFzEYNicpX26TyYEJcA9cyGPI1yS9cLasdPLQfCp7sbj7uH+l4m0Bmt4YoC2ym/fsWQT5gM7DzWoK2VdpeO/TsXdu3WZwbj+xzMSq28xCqizCyoWY3Op1NRF3CGTA8/lyrE9nGhBEdazcLdaIYEjrqefPqKsRZitZOum37/A17ZwTPGQBpJgEgbBjIJI+4ipNEA2/GflNFUqSykqTzB+8rsT5xNKJIzE2GViGtuh0kSTvBBJ5aTpPT421H4c/P86z+JYt2YhiDoNYHTbTQfKsECqsGVw3iF3D3VvWLjWrq+667+YIOjKeakEGu9d3vehaxpXD4kCzidAOVu6f/LJ2b+Q/Anl891O9keGPcxuEGxOItEDnC3Fdj5QqsfhQH1ZSlKAUpSgFKUoBWPj8FbvW2tXUDo4hlOxH6+fKsilAfPneH2NfBOHBLWiYt3TvH/Ku9XHI6SJI1kVqV20wyyR4gIygySToPXbavqrGYS3dRrd1FuIwhlcBlI6EHQ1GcM7KYLDuLlnC2kcCAwUFlHRWOqjyFTZFHIeyfdficRD35wto6+ID2zjqEPuer6/y866/2d7M4XBJlw9oKT7znxXH+251PpsOQFTFKgkUpSgFaf3qtGAY6wHSf+olRP8A1Mo9SK3CsXimAS/ZuWbolLilWjQwRuDyI3B5EUB8w8RQFzPlHy/1rANmBAkDyAI9cun3RWxdreB3sHf9lfH2LgEJdUfWXoYjMu6nqCCYU1YqUxZ9k0+ya4WHvW8QHAAOxC3EjXbSsZEPIKDEAwToNh7q1INbAtg6TyMCdeU77CrQqaJsw04eztpoTzMf/wAjaup93fYC3fwWMS5cYDEexUMAJU2SboMHRgWZZHQRPOtH4ZaZmGVSzMciqNWZjEBR1r6H7IcG+iYW3ZMZ9WeNs7nMQDzAmPhVWD547Rdn7+CvexvqA26MPcuKPrI3lIkbrPmCY5W+fMV9Qce4JYxlk2cQgdDqOTK3J0bdWHUVwLtt2Lv8PfxEvZZot3wOZ2S6Bor/AHNyg6CbFGuMvSgb97UR+R3/AB8xR1/f6igTI/Gjx/AVatIWMKJP3D1NZf0IsxLEgQJEyZjWCAIXpzq7iLnswFRZJ2A+8n986rRNnuGwgXU6nry+A/Ots7rrTXeKYb2YkWvaXGYjTKLbWzHUzdUT1PlUf2M7FYnHMY92fG7T7FI5aQbjDX+jU/aIkGu99leymHwKEWhmuMAHutGdo5aaKo5KIHqZNCCepSlCRSlKAUpSgFKUoBSlKAUpSgFKUoBSlKA0Dvs/4eP763/8q4QKUqUVZk4n3Lfp+tYor2lWJRv3c/8A8Rt/3Vz8q7xSlVZIrWu8r/heN/uH/ClKgHzXd2+I/OvD+/nSlWIReTn6mq8B/Wt6ClKqiT6Q7vf+G4T+5X8K2GlKAUpSgP/Z\" data-filename=\"stempel.jpg\" style=\"width: 225px;\"></p>', '2021-02-18 10:55:33'),
('PR-20210218105653', 'PT-20210218044528', 'Alat Tulis Kantor', 8, '-', 1, '<p><img src=\"data:image/jpeg;base64,/9j/4AAQSkZJRgABAQAAAQABAAD/2wCEAAkGBxITEhUSEhIWFhUVGBkYGRcVFxgYFRcYGhoWFxcXGBgYHSggGBolHRgVITEiJSkrLi4uFx8zODMsNygtLisBCgoKDg0OGxAQGy0lICUvLS8tLS8tLS0tLS0tLS0vLS0tLS0tLS0tLS0tLS8tLS0tLS0tLS0tLS0tLS0tLS0tLf/AABEIAMMBAwMBEQACEQEDEQH/xAAcAAEAAgMBAQEAAAAAAAAAAAAABQYDBAcCAQj/xABGEAABAwIDBAcDCQYFAwUAAAABAAIRAwQFEiEGMUFREyJhcYGRsTKhwQcjJEJSYnKy0RRTgpKi4SVjg8LwM0PxFRaTo7P/xAAbAQEAAgMBAQAAAAAAAAAAAAAAAwQCBQYBB//EADwRAAIBAgMEBwcCBgICAwAAAAABAgMRBCExBRJBcRMiMlFhgcEGM5GhsdHwFCM0QlJicuEk8RXCQ4Ky/9oADAMBAAIRAxEAPwDuKAIAgCAIAgCAIAgCAIAgCAIAgCAIAgCAIAgCAIAgCAIAgCAIAgCAIAgCAIAgCAIAgCAIAgCAIAgCAIAgCAIAgCAIAgCAIAgCAIAgCAIAgCAIAgCAIAgCAIAgCAIAgCAIAgCA+OOhQIpdLaCvHt+bW/ornQxN/LAUe75nt20VfmP5QnQRPFs6j4/E1bvaCu4Rny/hEHzGqyVGBNT2fRi72vzIq32iun3fROrOydEXQIbqHNAMtAO4lSUqML6HNe0aWGhDosrsmv22qNRVqeLiQpv09N8DlntCul2iLxTHLhsEVnieR08llLD0lwPcPjK873kyMdtFc/v6n8xWPQ0+4tdPV/qZ9dtJdfv3+a86Gn3GXT1f6mXvYe+qVqDnVHlzhUIk74ysMe8qjiYRjO0e42WDqSnBuT4liVYthAEAQBAEAQBAEAQBAEAQBAEAQBAEAQBAEAQBAfCgObBbE6wOK9PUa1Ur0lRE4a7/ABD/AEHfnpqSj2vI4z2t7EOfoWqodFYWpxD0KttFcQWjv+Cjr1oU7bzSNjsvCVayk6cW+SIX9q7D5Kt+ro/1r4o2z2biV/8AHL4MlcJwyrXPVyho9rMSHa+zAAPGZmNypYjacYO1NpnlTA1KKXSxavoXvZt77SmaZa1wLs05iDuAiMvYqVTaDm7yiZUaipKxtXu1LmGBTae8lRPF+BM8T4Gr/wC8n/um+ZXn6t9x5+pfcZKG2ckB1HQkCQ7d5hZRxd3Zo9WJ70W5XC0EAQBAEAQBAEAQBAEAQBAEAQBAEAQBAEB8KA5qHLYnXWPjigNauV6SohsMd/iH+g789NS0e15HGe1vu4c/QtdU9VWVqcM9Csvbmr8JDSRPDWNOWhWg2/pDzO99j7KFTy9T1duIG9cyzuYWNzYl/wA7WHYw+96lpPM5j2mWdN8/Qst1VAU5yLKhj+01tTqZHVmBwGomSPAKRUpyV0iWNOUldIhnbYW3Bzj2hjo8yApFhpkiw8zTq7b0x7NN57y0fFZrCy7zNYaXedXwH5SsPrUGVKtxSt3unNSqVG5mw4jU8iAD3FXi4XJjgQCDIOoI3Ec0B9QBAEAQBAEAQBAEAQBAEBjuX5WOI3gFepXZnBb0kio2W01Z1zUpHKWMBO7XSOIPes91N2NxU2fSVGM87sxW+11d1GpUy05FQMbo6Dq0a9btXiirNmUtmUlUULvS7/LGzdbTVW/tBhkUmAjQ7y0kzr3JKKSb7iF4GmoReedzy3Fqxe6XkRQY+BuDnF0mFzE8bXV2pHNyqyU5JPRGtYY3XdTtnOqEmo9wdoNQOkjh2BR/rcRvPrv5fYwjWnaOepqY/jFcWrniq8OzVRLSQYaXgbu4LKniq0mryfAmpVJNXfiVPY7FXVqYzGSAJK66hUclmdtTlvwTLC5ysmaRq13ISIhsLd/iP+g/89JS0O15HGe1vu4c/Qt1Q6K2tThnoVukfpDvw/ELQbe7MOfod57I9mfJfUXvFcwzuqehm2Md9IqD7jPV6kp6o5v2mXVh5+hM4y/QhTnGspGHVqvXBYJFwBORp3sG4ufxDZ8+a3OG91ZGypW3ImDFrapcMsqb2OLTUY12VokCoyS7qmdMszyWdKKslzLddu7ZHbTbMi0rvp5MzGloa931paHc+0+SuU6VOSKspSIoMb9hn8rf0UnQw7jHfZLHaO8gN/a64aBAAqvAAG4QDEL3o4dw3mWL5NcZqjEKQqVXuFQOYc73O3tJG8/aDVFWgtx2MovM7qqJMEAQBAEAQBAEAQBAEBrYkYpu8PULKHaJqCvURzbCXfOXVTkD7y5SR1bOnrLqU4mKyH0WiP3lcHyqT6BeR7K5+plU9/J90fQzYo/5q9P2nBg/laPisK0rU5MqVurThyb+pt3tV7atctaC1rKbXGdwIfBHPWPBclGm505S7jiXFylNrgka+GP+bse0uP8ATUUTXWZhHSH5wMOO27nWrQJzPqVWgcDme+D6eat06VqalxbRdo0v2d7vfqzS2P2UdTrV6TXfNUXtYXcSTTDjHbJHmuhhW3VkdF+pdOilxdyTurWpTdkcJOXMI1luuvhBlXqdVSjcu0MRGcN7udiNq1FLcuoh8Nf/AIj/AKD/AM9JT4ftnF+13uo8/Rlwc7qq2cJwK9SP0h34fiFoNv8AZhzO+9kezPkj1fLmGd1TPmyDvpbhzpT5P/upIepzvtKupB8ydxXipzi2UqncVGur5W+zVpuHVP7quB9YTuPl4Hb4P3Zfo+7NfEK9UMoHMKeW5pjM5uUDKwDfmdGk8OO8KWn6l2tm2TXyp0PnGv6aQ5jCKZIMkFwLx1uUbgr1DkVZFAU5gfQgJLAbvorijV+xUY7wDgT7lHNXTRkmfpoFawsBAEAQBAEAQBAEB5qPDQSdwUdWrGlBzm8kDTGJN3wY5jVamO3KV05Rkovjw/PiZbrPGL1h0UgyCRr5n4Ld0JRnaUXdE+FV6hzjDnRb3L+Zjyg/FSLRs6esv3acTNbthlk3+L+guSOkTCb61V+XzMN7rSd/mXbR/WB8FWxbtQkypjHanyh6EviFUChdGNX8eQawR7581ylPGdGuh3b73G/ec/hcMp0pyfG/0K3sle9JSsPu5h/Q4rOvHdqzNS11or80LNiZl9BvJ4PdlBd8FSo4+tuu7uo6eh1Sw8NxK35YlsPflpuIABdLyeJc4xJ/hAHgr1PaVWcbaWS+LZjOkt+xGYneMitUnUUejHYQCXerVtcPtKnUcILi/nkTU6U1ux4b1yi0ruV0Ckbq5pWFX/EAf8h/5qStYV9fyfocb7WK9KPP0ZcKdSWq+cEyFon6S78H+4Lndv6Q5nf+yPZnyRlvVzLO6pmvss+L4DnSf7nsUsNPM0HtIv2YvxLNinFTHDMpFau9rrkADToiOo4/VuQNZj6x/wCAra4J/tsv0PdkftZXJtXGoJa25zECm9ujXhp1LtNNIkd6mjknzL9TN5lq+UBzX2lrVbQJzU/bH1BDHa9U6b+I3b1epX3nmVHoc4VlkZ9C8PTLS3rFnqP0rs1d9LaUKnF1JhPfAB98rWTVpNFiOhJrE9CAIAgCAIDXvboU2yd5MAcyVTxmLWHgmldt2S72epXNK6xQ0Wl9UQxol2kQOJGusLWw2hiqdWMK8O13a+WbTtx4ntlY94jXa+gHscC1wBa4biCNCO+QrG2ot4VtcGmFqeNnw11rTHJuU94JB8ZCnw0KdfCRjJXVrHmhG4w11JrhvbqY7YMELU4OtPZuJeHqPqPR93j9yzh5pTTfEpAdlw95+0T+YD4Lp7/ts6eWeLS7kSVRsXFBn2abj+Rn6rPikVE705S739zSJllv9+6B/wDsqH4Kjjn/AMdlfaLtCf8AivojcxN821z2Zh4hjZ98rjp/xEfI1uA/h5ef0KZsFUINszk71pOPxW0xyXXlz+pp6cd6rHmdBra1x91pPju/3Ln45Un4s6nivMlKpy0neA8mq1TyhJ+KXwX3Io9aa/OJRtsb3o7eJ1eQPPrH+mB4LYbMpXxC/tV/zzZfp63KhaXWi66Mi0mLWtF80/5T/wAzFewr/c8n6HKe0q3qceZdbSrLVs0cFUjZkZbH6S78B/M1c7t/sx5neeyWk+SM98dFzJ3MDT2cd9Pp9tOoPew/BSw7L5o0XtEv2FzLbifFSnCvUpleq4OuQGyCKOvW+28co+tC2mB7LLuHtuMjNrLp5sq5y5Yql8wdCa8jf3KwtGbCo72fgvoWzHBUq4PbPdWplwgPMMyu6rgQMwGUyBug6K3Sa3tCq1kczV0iPoWJ6ZGFeM9O9fJTd58PY2dab3s9+ce5y19dWmTQ0LgoTMIAgCAIAgIDah5a63dwFVhP8wWm2i93E0W9L+qPUSGPYf09vUpcXMcB3xottOnGdm+Dujw5hsrtEKNnc2dy4s6OTQcQZkkuazvDwCJ5xwWc6amnF6MXLnsXiQc3KTo/rtHJx9pv/O1aXZs3RqTw0uDyf58fiZuErXaNvaW7p6NztmDpmE8I0Xm26UZUozWqfyepLChN03Kz+BQ8XEW1OmPr1D5F5I/Mtth5OWGg3xSOiwcnOSqPXdX0NrpZvXfcpe8uBVlySk2+CCilR8zXdbVG/sLXMPVqZnxBy6OcMxG5aTGY6hUobsJJuxQ2nOLpzcT1VqzaXR5vq/Bc7P8AiI+Rr9n/AMNJ/wCRWdkKZFxajmA4/wDwH+y2GOl+1U/P5ka7Ax3q8fC50CzGatUPa1vrPoFpLdSK72dJPL4Ehe602j7bj6gekq1TV6UfFt/MjhlNvusck+UbEM1dlMbmguI/EdPID3rebIh1ZVHxf+y4uqrFftqy3kWSpmenU+l0z/lu9Wq9hn1/L7HP7fV4RL7gzS+Gjj7uZWwq1o0qbnLgcUsNKvWVOPE0cJoudeFmYE5HS4DTRzdY5QtFtZurTpt8c/kdjsFww0qttFlzszJdghsOIJA1IEAnmBwXPStvO2h2mHcnTTlrbMj8EqRfUO1tQe4H4LOC6r8jTe0PuEXa/wBQVKcIyoVLgh9ZuWZbTMw8+zWYd7WkDfz95AWywOjLmG7LInaK4NSwuAWRLabvZqCDnNTeWAcecKytWbBu8VyX0J/Z+rSqYAMtEvFMxl1zZg8SZk8yfgrNNu6zKztmc/cIJERHA7x2K+RALwGRpWJ6de+RS7llxS5Fjx4hzT+VqpYlZpk0DpqrEgQBAEAQBARW0ln0lEjlr/z3LUbZpOVFTj/K7+XE9Rs4VddJTaT7QEOH3hv89/irmCxMcRRU158wzkO31mKF6auWab35j4kZoJIAIdrJIAleqv00KkYPOLt+fQlw9ToqqlZPmroxnJTd0oBiJaQ4gkdjoE6H6ubvWgqSm+y+P5+O3I2UtqV5pqVsuFsnb88TM4NJ6rWj6w068a/al54ahg71h1pRu278e75ZfN8jF47EV5dFKWT4afnwsbGIul1mzjLXHwgn0K6xQUIwguFjc0YqCmlolb0PNOtNe7cODAB5O/RZbu/KS8jybjGknLRXbNvGLsZ6PRkSOhEgRoWzB5iOG5cvW2Ni8PSdStG0Uu9PP/s0NHaOFrqVOMr3u9HpqaNGr9Br9r6nqFr6i/5EfIj2cv8Ahyf+Rh2SofO0nfZtx5ltMfqpNoS6kl/d9ynsqN6zfh6otuCmQ53N7z5dUe8LXyVml3I31XV+Rt4tVysHYz3u0+KtW3YRX9q+ZhRV5N+P0OC7RXfSXVV/DNA7m9X4LqcHT6OjFfmZZbzMFs7VW0ZRZsud9Jpfgd6tV3Dvr+Rpdtq8InUrK0fbWzqjxD3wxo4gOjUxu3+4rV4ja9DF144ak7q9r+JQwWCdCE689bN+Sz+ZHYbe0aTqr3TneAxruDW7z2iTHkrO0a3SO0NEbbZ2w8RTpKc2m5Wb8L5+Z7xy0DaAqPc4OcQWgGJaPtdh+HatJGO7G71ZvVWdSuqcNI5v7FVwy4i9tjzLx5sKzjHqy8ijt53ofngdGuT1ShwjKlUuC2rVaGyDSmYdplq0ncGkcOa2OBebLmF0ZHYndOdZ3DC3/tD6r/q0abuO7era1ZfXYjyJz5Lqtapg9ZmdrS3OGEyQAB9aQeIO5SwtkQu9ygXTYe4EgmTqIAPaANwWxjoQPUxheg9tWJ6dC+R26y3pZ+8pub4iH+jSquIXVJIana1SJggCAIAgCA+ESvGk1ZgjK1g5pLqc9wMH+65+tsytQk54SVr8PzJ+eZldcSp7Sst61KoypUAcwE7+u0gServ8FRwEcXQxC6j6zs73zv3v1EmrFCxHFqVOlIz1HEEHqlsiNCTJed/13O7gt89jzXvakIrgr7z+GSXkkT04TqNypwlK/hZfH7s8W+IGlbiaVR0NEhwDKcmNGxDXCftMJ7VZlsGom51JxUV3Zu31Xk0RUq8XUj0abl8ESFpeurXFsXtDXBrszRuaR0gj3BWE4ua3XdI6qjvqg3UVmz5ZVpF2/nUy/D4qXDv9y/iiHHfw0v8AF/RmXEXRUp/ioe6mFd27/Az5v/8AR882T75/4/8AqR9C7+h1G83VPgvn84fvp8jqtnL/AIMv/sTuzYhgdyo0x/SD8FXx2creLIdiwu5vkvqWXZ6nFJna3N/MTUKrxW9Vfh6Z+htK7zfMjdtr3ow/7rfQR6q6qW/XUOS+iM8Murc4XVd1iurPZPM2LXeskZxJ7Z7DTXxG3Zlloa5z4MQ0Ece/KPFQ4/F/pcPKonZ2subKG0KXSThHhxL/ALb4jGSi1xaXGXCPqjXfw1AC5fY2G3qnSSWnHxLuDpb80svPj35ccil3NXWYBgzI18wu/wBnYONSLqVEmnkvVkHtBtOVKUcPQbTWbt8kZ8ax99w3M8ARoI0B7QPd4LUbSw1OjVUYO/h3EuxKk5UZTnG2eveQNjX+l2p/zPUQqsY9WRhtmV6Px9DqtzU6pUJxLKi+6IrPAaDmo1h9Yx1c09Vp5cYV/BZTLeG1ZjdcudSrjINaVUbqm6Oj/d8qf/hXeJsIvqIyfIZUpOoXVKCXGC4ESIcC0RBngpIX3fMhlqVS9y53ZWljeDTOnDiSd88StlG9syB6mEL0HpqxPSzbBXfR31u6YHSBp7ndQ+qhrK8WZxeZ+iFricIAgCAIAgCAICu7X7LMvGEiG1gOq/n913MdvDzBzpz3JJnjV0cQs6RbS6Nwh1JzqZHIscWx5ALWbRpqniZW0ea8zu9i1elwUL8Lp+R7rWodTdprBEySV1kJ/qMMr/zI4WtD9JjX/bK/zv8AQlNnXZq4qcDSNTxLRP8AVmXN4btM7Wr7vzsYcPqfRajvtVm+rFbwvaj/AJL6opbQ9xP/AAl9GZNoLrLcUW8zTPlTb+qubd/gmvH1OA2UuvN/2/8AqUu9uSWPB1DSIEmJd0hJjieqFpMJTio71sza0ZvoVHhmRjbkNHVLmuJbBaS0jrCdQeStShGWqJIycXdOx1i8x2oMHoVA8ipWFuxxacri1xAqQRq2WtIkR7Wi5zA4eH62pFrJN2Rsa85dEpnKb29PGZJMnM/Xv11XSbke5Gu35d7NexdLmNdJnLOuuuade4LxxVyxTrTVOWfcYa9chxgkCftFekPTVP6n8To3yTXDYrVHjNUaxoDiesGOdUzNHixp5rn9vKclTjfJ3+KLVCo5rrO9jHf4qatZ78zo1a0OHAa+qvbLwbtGmsm/obuhXjhcPOvLhw8eZplpcQ0Ay7iDpHFdpWq08LRu9Eji6UKuNxPfKTu/zwMOMODRlG4LiXUlWm6k9Wd70cKFJU4aIhbStFxbnlUb6hTJdWXI0e03vUvidbuK3V8FVRyJWqFwW3TOrOcVGx1vrU3j6rSruEfXLWG7R7w+9JBGTQtg/wDUMy6q87qfEO4clffaL8OxbxZg+QSrUFa4phoygSTrOaQI37oB4L2GjI5kdthRqNu6gqEEydQCNJIAMgSY46962NJrdyIZakMFIYnoLw9NyxrFrg4b2kEd41Cwkro9R+nrSuHsY8bntDh3EArVtWZZRlXgCAIAgCAIAgCA4htZYdFiF2yNKhbXb25xD/6mnzUG0o70KdTwt8P9HS+zla3SUn3p/HIjrDUEcv8Ax8FtNj1d6hu9zNb7S0NzFKf9S+h92dfGZnGKtKeWudvuLvJa+cejxE48/ujb0KnSYSE/BfLJ/QzfsRZQFPNJD85MaHjHop8MrVIR/uX1Ku0MRfD1Hb+WX0NHa1p/a6IHMf8A5tVzbWeFS8fVnF7LV5VOXoiqYtbGn0jZnVhnvbWK1OHVqZsoQcI2II+038TfUKYyLY7Ey+0tqc6MyadrWOPwWpw9HdxkpczaVmv0kfIq178StuzVnvDm9Zh5Bn5XlY8SSPYl5GjcHrHvQjLFs1clrHsaCTUptjKYIh9b9VTxlB1ZQtwuT0Ha7ZuYS7RxzSJMA7onmuh2XShGLnHjl8CvtHEVZRhSm8ln8TasKhFcHcCxxjfxaP1VLblRuCiu8u+zsV+ob7l9jTxipJWipI6XEsg2VIq0jye38wVtLJmgxrvD4nWX1Zb4Kkcs9SGp3PR3NB8TFVnGN5j4q1hveInodo2MKvgC1kDqhw9qPZY0cvvLYy7aZsYdh8yD+SSoxuLVA+czhVaANxOaTOnZ2L2nfMjmbm39Om28qhjS05iXSCJJAMjrHt4DxWwoX3cyGepXQpTE9BeHpmonVYsI/Rewl10lhbO5MDP5CWf7VraqtNliGhPKMyCAIAgCAIAgCAofyl4KXOpXbBORrqdSPsHrNcewOEfxrDEWlh5RfCzXr+eBs9j1NzFx7pJr7HMRULKsfVOnjw/52qPZFfo6u49H9eBvfaHCdPhlUjrHPy4njD60Vqp4B7Xf7Xe5x8lLtCSWLfkVtkwcsAr/AN33+pP3TTB0O4qfDe/hzRrdozj+lqZ/yv6EftEYvB2B/wCVgVza6vQgvH7nLbMjeU/zuK/tNhlbK+qKT+jHRkvynL7Lxv3b3DzWmpVYLqN59xvKtKXaWlirW1jUqPDKbHPdIMNEmBqTAUs5xgrydiKFOU3aKuSWHYdXIawUnktDy4BpkHo3tEjhqR5qGgt+q5RzNhUoVHRUEnciLxpJAAkmVZNak27I37DD6wcAaVQEBmmR0+w7WI3Sd6PJ5ktSLo030mWa1yIW4EOIOhB1ngvCHUnMNoVWU3Ho3hxYGtlpG99QkieyPML3hlr9z2nUhK6TXiT2DYc/o29IwhgJdqIk6aek9y2/Swo4eNOGpXkpVakpyMFzWAudNAGEe9q1e184ov8As27VXfu+xH4g+VqYI6Wu7kJUdDmnk4eoVqHE0eK7J1umeqO4Kicw9SExCv0dSlU06lWm7UxucDvg8lNQ7aJaPaJClegVntGWRUeB1zue+ODTwpBbWfaTNlTdk0V3Yuu5mOnK1vXqVAZO4OlxLSYM+HPRIdownoWr5VKVUVgXR0ZiIzEzBmSdBu/5CuYdohmUUKyYHoLw9MjF4DunyRXWayLZ9io4eBDXepctfiFaRPDQu6gMwgCAIAgCAIAgIzaOpFu9vF4yD+LQ+6V5JXTRNh3u1Iy7nf4HF8Swevr80Zgct7SCOPZ71qo0pp6HdvF0JwtvL/s8V7IsylzC3OHM9Y3cdfcvHGUWrmcKsKkHutcH9ySp1s1IHm3XvjX3rdYF3rQfijitsQ3KNaPcmaGO0813Ha8fkCv7VV6UEaHZSznzLzgrWm1DXAFpkEHUEboIO9ck8LPEYndjla133HUU48EYrPDLek4upUabHHi1oB810FPA0oq0lvc8y3wsfRYUQ4vbTa17t7mgAnvjerEKcIO8VYzUpJlcr4BbCrLqLQ6ZkCAe0BZKlBvQsQo0n14xV+XE28MI/wDUNP3B9QqmI96cl7X+4hf+r0ZnutirCpUNV1u3O45jvgneSW7ifBQtHDQxuKUVThN28vqaG2uFVKnRNpMJDdDuECBzKlo7qlmbLY1KdOU7rVL1NO9tnU6DGuaRDT6qSUryudJFJRsc7uKv0g/hPwUe0s0WNhZVPJ+hjuStXE6KqQ95pCs0zU4rQ6xa1JptPNo9FQOXlqQG0hik89ikp9pGVLtImq2JD9oe4D2nMqbx9hzjunjVW2mzZwyb5FLq1wzGQ9+g6dpMTuMc29vJex7Z5PQ6J8q1KlmpvyuFRzYBjqwCCRMiDryPhvVyg3dkMrWOfBWSM9BYnp6agOrfIjea3FI8mPHgXA+rVTxS0ZLTZ1ZVCUIAgCAIAgCAICK2i9hn4x6OXqJaOr5FXxJsOOgUL1NvQzgjRqU2vYWPEg+vAjkQsZJSVmWKUpQe9HVGPZfZYvziqT0TXHKW6F4PW8IkgqpVxs8G47na1VyhtSUK94v+ZZkxi2xVF7jWp5m1dTGaWukgkQd25V5bar1bRq2aXcrGuw1ClRllxN/Dtn2spNY57iRviAJOpWMdrVKbe5Fed7/UuxxMo5JIwvs203w/WfZ5ds9qYvbVWUEqa3Xxf2M6uLk4dXLvPN/QBYXNEFoJ03GNSFHs/a9aNVRqSvF9/AwwuKl0ijN3Ty5FcvqJrsa6mQHA8dxB3j0XW3vmjfwl0Mmma+H4VVZddM4tLejyaEzM9o3KvVpTlLeRzPtLg62OopUFdp3tpwZabYgCTvUBw1LDOg3Ga63E1r6rOqyibjBZkBti75kfgPqVKbZHGKj/AJ/wPwWGPLGx8qi5MzVVrEdFMicQ3KzSNVi9DpeG1ZpM/CFSepy9TtMjMfd1Hdyyp6ntPtI26WKBwpP0l9CjPXHtN6Jj/dTdottLOJs4ZS8irbbXBF+2q1rZhjwDq0kExMgaaAfFeN53DOt7cirUsadQAQWgvEuOmUGBlJGh56K1Ta3yF3scrAV0iMgCxPT6EBf/AJHLjLelv26Th5FrvgVWxK6pJT1O2KiTBAEAQBAEAQBARG0h6jPxj0cvUTUdXyK7irdZUUjZYR9WxkwPCRUaXvJyzAA48zPJa7F4t03ux1FbEOD3YlhtLRtNuVggTO+dfFaetVlVleRRnNyd2Z1CYhepgjMcw11YMyPDCx06iZ0iN+i9dmrMzjJJNW1NKm19M5KkdhG4hVXFwZDKNs0ZXWtNwgNA/CAI8lew+0K9KScZN+D0JIYqrGV7t8yAoV5Lmne0kHwMLuKNVVIKS4nQuPVUlo1cXNQtGYcPRYYiOW8jRbbwUalHpkutH6HypWkAqtFnOYHUh9sX/Mj8HxKlNsjjLj8/4FYY3Qm2TlUXmbb2mNy16izfzqR7yPu7ck5eI5a71fWHcVe5pK+J33axZLDH2NYxpa7QQTGnhCqPDu7ZrJYdttnq+vBVplzWuiYktOWeUxvWSws11tUYKjaVrq/zN3DK3R0LdhLS6m2q0w4cTUczfwGf9FeatG1yzCV5LJkTttbPuKlN9INIbSaw9YTILu7msLMkZfKmI2j8No0KrnGpTY0ZYJdmHM6A+YU8Z2dyLdKJlhXlJNXRC1YyBqA+gLw9LT8mlbJiNv2lzfNjh6woq66jMo6o7+tcThAEAQBAReOY/b2jQaz4LtzRq89zeSwlNR1M4U5TdkjRO1AccrKZk8HHr9+VgdHiQvZS3Vd5E7wk0t6WSNHEMZqsJe6o9o4NZTDgPcZ/nUEsVCOl3yRH0cO9vll+fAh7XaT9qc5gLj0ZBJdoSTPDhu3LLD1JzbbVkSUqTgm2S92yQp7JkU5zS6jN/CroBuSNW6jTSJ585WurYHpsQu5+iIq9Z0oN6tGxVxAN1I4geZgKLF7IjRpOak3p83Yp0toOUt1oym4hU57Osm1L5f7M1j87bvzMlGpmaHDcRK1cbyipGxRgqXoBIiYMFexblfwJo0m1cg8dvM7qbW6ObLteWgj/AJyV/BYCWLbjexPTwrlF5mNl2/KQwBz4MAmASpcRsh4aKnUkrXtkiKWDVNp1JdW+divYKx4zmoDmLjM75nX3rpsIkoZaHR15QcYqGlsuRJVdRB3Keq1uM1mMcVQnfut8SPr1YMdqpR1OQoQ3arXIidra80gPufEqQ2COf4DZte6q5wOgAa4RLTDp3+CzrdohoO0T43DC54AqmDvJEGN53HUwCob2Jqu9GN/zwJvZnZxlaoXua3LT1DQ57g8wcrX52xEwSRppqNVBXnKMMnmV7T31Fy117/L/AH8TNtBsrSc9rnkU6jmtD2USOjzgdZwlm4iNRGoJgLHDylJWTuYylVV1BLLPO97czG/Z9hp1aZrEF7Q1gaB0dKm1wc1rmky5znAFzhr5qapipRk4Wy/3wM8PSdRxe7eTvxWtvHguaNQ4BSpUXFlV5dqAXHQHLmacoGgOsggxprqo+llw4amzlgurGW9Zvhk1dePDwM9pgdR9MVOkYGkb+tp39VWr2KSzPRwcQT0meN/RtmPP9FHKso6k86Vo3Sfibd3hzW2rnNklrmb9SANJ3abwrdCpeSRWnDqbxBNarhXPYYvLnpMbJksvbZ3KtT97gD6rCpnFnq1P0UtaWAgCAICPxTEG04bmAceZG7uKp4zEOlFKOrLOHoOpm1kVrG69LS4qU6dSo0QxzmNLhvOhjQbzotY8ZV14mxw+GvLdV0uJX6u17m6Z6TOxobPlqsXiMRLT6Gw/RUeN35nyvil24ZouCD9mm8e4BRKrOTs5/M8SwseCMeA3dWoajqlKrTAcGt6ZjmOdDZLhm4SY8Fu8FCEKdk03xzuUMRXjVj1VZLyLJdu6p7x6hW0aqouqTbo6Jp5gKHC3lin4IoY+VqPwI+q7Vkfbb+quY/KkuaNVh313yZs3LoY49h9FpqztTk/BklPOaRu2TYpsH3R6LnckrI6JaEVUPWf+N36fBKdrO3eX6fZRE3jB0ubjkA7PaJXSbBScpvwLdEW9QBwW02n7uPP0I8d7tczfNZvAKvSeRVhZRzFd4NN+nAeoUtypiZxtkU7EH9ZeR1NZTzqvy+hB7Q1JZ/Cs3oXYlP2crEVKwG4tbPm5SVu0V6S6pJWNbV5LQcojdxJiPKVXZNUd92PedIwSgGtFFwDTkDnRpEkdUjvaQoe11lwK2Hs6kr/Eh8WptbMgxLsokl2piNTpu3Dd4pCooTbp6vVllUr51XaGnO3D89SHcGNdo0guDQJ6xhug48dCoVdyNjRhCFNVdL8NbZ3fxsreBpYlDKZbEnK4uJJ4wBx4/BSU+tn3/wDZLXi6UW34/O0V8syawm5aKDQGzvbl4ACNTIMgn0VisrNOxQoWd0Zr6k2W5GCk6DnGWBqOrGXsM+SgbdSLk+GhjLExhJU3dt28htFbhlnEyXGmSY49Y6Tu0hWcBUc5NtDERUYWRUAtqUT6KgXh6S+zNJ1S5oimJIqMM8BDgdSsJtJO56lc/RC1xOEAQEXj2KijTdBHSFpyDt3Ans7+Siq1VBeJFPFUKM4qs7J/GxyG+Y5uapUmSSZJEucZO+d5Ws1Z0+H9o9nVFuwla3Cz+xF7N4U+9um06rndHq54DtzQNwjQalo8VFiqyo0nJa8Dye16E7qk7vll8zq2F7MWlvBpUGhw+ses/wDmdJWjnjqs+1mUp4ipPtSI7GsedTqGlTygDQuiTPGJ00VrD71RKytyJaOH6Rpd5o4lcOY4OdnMsDvnCJ1kiANw8VvcPh1hbzzZYw+EhXTUZ6PgvubdhedNSzRGsRv3QthSlvRuUsfhf089y9yfY85Q3gAFPh4JTc+Jz+0+wl+aGEt67O8nyaV5tB9WK8fRmrw6a3n4GTEDFN3d66LSYt2oy5FjDq9VErQHVb3D0WgZ0C0IQnV34nfmK9p9k2FPsoirl3zr+wN+JXU7BWUny9S1RNG/qloEc1tMbG6jzMcZ2UZ7esSFWUTUTmzcfU+bf3D1CysVZq6KffVpqOEbo9AV4lmRwpWm5EVjDZbHYvWWUil4NIqVuxoHk4hSVXd5ENGOVmW3Za2yk1qjYaHZm5vZLhpT7xmLj/AVTq55GNduM1yy8y7YbTirVL5kgAzvhujB373HtPYvKcuCPcNRXR9JPsrTxZBYu89I4cjpOkjtPBvqsLWbUfMnqJ9WpWWX8ke8hWumr92kCSTxcdT4bzC8btHLjoXMPTc8S+l4K7X5xz9OB5xR027JB6/XdHAOOgPZGinhFRaj3IlxtXeoqX9TJjC8Kqmj0jKbsmvWMQAD5nvCuuEN3PU1cMVOg7xWR9tKL8xyAVHyJaTALQBo2TGg1k8ohazEtxeeUe/7/YnpunWl07Wcv+jHtM/6O7QiKrRDjJEBwOo4SFewEUrZ3yI8TdIqNJjnmGgk9i2TaRSLNgexz6pBf5Dd/dQyq9xmonUdmNj2UC17hq3UAc+1VZ1LkiVi3KIyCA0sXxFtvSdVdrG4facdwU1Ci6s1BEGIrxoU3ORzPFcefVqOquAA5SeqAN0/24qzW2Dvve3/AJf7OVr4j9TU3mnd+ZTMcxs1SIZAA0BPmdyqR2M085fI2mGwypR1Jj5Omw+rVqQBlDG6HUky7Xshvmpv/HU6eq3uaOi2VTV5T8i9G+pD64HjCxlgaD1pr4G6tc5xf4y11UlvWLnTPASefFQfpkoOyssy7+rp03GEM3ki37X1CXN6pHUAExqNNRHDUjwKr4lNpJcSrsK29O/h6m7s+z5hsDiZ8zwVhR3VYq7Ud8RK/h9Cf3DwCs4danL7Vlbd8zzR1eOwH4D4qHaCyi+ZRw+cJvkecWdFM949VqKtLpIuJbwSvWVybAXPS1N2V+g6Wg85PmSVYcNx7pfh2URdf/qVP4fyrqdiwtSb7/8AZaw+rNG9Zmjdx3lXsXwMMdlFG1aUhG8eYVZGnkbVdgFN2o1jiOYXpEVi6tXZyQwaxrmjhyheGWRG3ts4nUR70Z6mQlrasNdwdo0xmPZmbPxWJnTSdRJ6XLGQyGuqOZlpgu6M8XzI6pHshppieHWGipyk78yOpSlXxUrZLi+5LL6pm1gdUvqmo46Fug48CZ7Z3+Cyhe+7xfEuVHScVJPqxyS+/iyJxS5d01WQA1ugPbEz4NB7llOCyiil0l5PEyd2slzenw18iPexraHXJh4JcWiXEdmoG7j2rFLenyLOGtTi4vu3nyeSXwu/M18erEVAGiBkDI4AdUEeBlTx60mZ7Qae5FHQMJ2hBtGUWMOfL0c6ZANxfvk90b1PvJ5FT9NU3N9rIgLak6m+k6HGHTpvO738FJ1Z0JUuLTR7KhUi1O3VVjNidsLgPBkTUBIBB3BwiR2lQ4WHQxUVwRHVquq3fgTOAbONEAN8FPKZgonRMNw1tICBrz5dygcrmVjeWJ6EAQGriOH067ctRsgGR2HcpKVWdN3iyKrRhVW7NXIK62HtXiIcByzHXx3q1/5Cs1ZlWGzqEJb0UY6Owdoz2aTCfvguPm4lRvFTerLKoxRjuNlqmbqdGG8ACRHgGqenjIxjZ3LlOooRsaOI7I3L6b2NLAXAicx0nQ8OUrKWMg1bMz6dEXY/Jf0YzOOd4HV1AaHcNJ5qlVqb0HFdxJRxKjVjJ6JomdoNn7ip0RawHLTyO6w368z2qrUTsrL8sW9m4qlRnNzdr2t8TPgWBV6TIe360wDMaBS7zephtHFUq1ROHcS7rAn6pTea0NXJQlqrmnUw5wMhrgd0gH4KOblLXM86Ona26jVubCo4QRUI3wQT8FA4Pgj2FOEHeKRlcLgcan8v9lUeBp/0/UmUjTZa1WgBucAaAZDp7lk8JCTu4/UsRrWVsjD/AOnVJccrpdqTkOpiOSvYeUqMd2GSJIYpx0aPD8Ic72qRdHNhPwU06k59oxq4l1LbzRu2+Dgf9j+j+y8RUlI2qmFyI6IjuasrkbNWps7Vfwjvj9UPLmJ+xrz7TtOyEyPLkfV2FBnLmDucT7joQspWaEZNO5pXGyN0JBpMqdrS5juHYQd3NQOkuBnTkoyk+EtV87/HyPFlgt02p1rWrERoWlu8ciF5Clu5mc6qaSSyXD797NDGcEq53E21ZoMxDQZkNB3OPKPFeShLeujGUoVYKE8rO+XH48fEjThr3EB9CvkaDoKZOaZlvYNYHcvY0nEkoVlvzlV/m7u7S3wMV7gVesRFtW9ouPUIkuMxrw/VZQi0Y4qr0slu5JX+buT+GbNXeUD9meNI62VvxXtsyzLG3pbls7WuS1XZO8qRLGM7S+T2yBG/vWTKyrzUNy+RK4NsQaetSoCeQGg7gvU7ELLVZ2LKe4a8yvG7g2l4AgCAIAgCAIAgCAIAgCAIAgCAIAgCAIAgCAIAgCAIAgCAQgCAIAgCAIAgCAIAgCAIAgCAIAgCAIAgCAIAgCAIAgCAIAgCAIAgCAIAgCAIAgCAIAgCAIAgP//Z\" data-filename=\"atk.jpg\" style=\"width: 259px;\"><br></p>', '2021-02-18 10:56:53'),
('PR-20210218110643', 'PT-20210218044915', 'Map Kertas', 8, '-', 1, '<p><img src=\"data:image/jpeg;base64,/9j/4AAQSkZJRgABAQAAAQABAAD/2wCEAAkGBw8QDw8QEBAPDw8PDw8PEA8PDw8PDw8PFREWFhUVFRUYHSggGBolGxUVITEhJSkrLi4uFx8zODMtNygtLisBCgoKDg0OFxAQFysdHR0rLSstKystLSstLSstLS0tLS0tKy0tKystLS0tLS0tLS0tLS0tLS0tLS0tLS0tLS0tK//AABEIAMIBAwMBEQACEQEDEQH/xAAbAAADAAMBAQAAAAAAAAAAAAAAAQIDBAUGB//EADkQAAIBAgMFBQcDAwQDAAAAAAABAgMRBAUhBjFRcYESQWGRoRMiMkJScrHB0fBiguEUFTOSB1Nz/8QAGwEBAQADAQEBAAAAAAAAAAAAAAECBAUGAwf/xAAqEQEAAgEDAwMEAwEBAQAAAAAAAQIDBBExBRIhMkFREyJhcUKBsaEUQ//aAAwDAQACEQMRAD8A+jxRWLIkEUkA7AKwQ7AFiCatWMU3JpJJvUxnJWOZJiYjfZyKW0uHe/2kOcb/AIbMPrVa3/oqzrPcM907+n5sfLJq609plsY7Ut/KIN5tF/Cr/wBy/Q0cnVpjik/2266es/yYp5lPuUV0uzTv1fNPERD7xpKMM8ZUfzPpZGtbqGot/JnGCkezlZpjZRg/ed5aLVnR6TjyanUR3WmYr5lq669cOKZiPM8PNHu9nl2bDYqpTd6c5QfGLavz4mNscW5hlXJNeHewO1lSNlVgqi+qPuT/AGfoa1tJE8NmmqmOfLv4PPsNV+GfZk/ln7r/AGfQ1b4b19m1TPW3u8rtRnM511GnOUY0W7Si2rz73deXma0u/pNPEU3tHLLlu2NaFo1oqtH6l7tRfo/5qSJMuhrPmvh6zK88w2IsoTSn/wCufuz6Lv6XMt2hk0+THzHh1Eg+Ckih2CnYgYU0wMsa0luYEyk3vAkKTAloCLFHLniIQ+J26Nmrm1OPDt3zyzpjm/CHmNP+p9DUnquCPl9Y010SzVd0W+bSNfJ1isemu7ONJPvLFLNZ90YrzZrW6xk9qxD6RpK+8oeY1H3pckj426rqJ94j+mUaaiXjKj+Z+iPlPUNRP82f0Mfwxyrze+UvNnxtqctubSyjHWPZo5lVtTl5eZ9tLE3yRu1tbaKYbPP3O7u8qLhNzvwJtHusXmOJXDFVFunJdWYWwY7c1h9I1WWvFpZP90qpfFfmkfKdDhn2bFep54992risXKpbtW04aHp+l6KmmxeObPhqdVfPMd3swHTaoAaAU5aGtqcvZT8y6XTdL9fNG/EeZYDjvZxBMLscWEmHfyvanE0bKT9tBfLUfvJeEt/ncbtTLo6X8x4l63LNqMLWsnL2M/pqWSv4S3fgy7nPy6TJTzzDuRd9VqitbZQQIKaAAGFAABLAkDzOYvVdThdZ4o3NJ7tU4Et0iKCCiBpgDKjk5xU0S8b+R1enU8zZx+rZNq1r8uTc6rgbncqbk2VjMpuGLHNm1pcP1MkQqbnpojaECKBsAJM7LEb+GKbOJqMvfff2e26bpfoYYieZ8ylnwdEACApANBHQy7OcRh/+OpJR+h+9Dyf6F3fHJp6X5h6nLttouyr03H+unqusXqvNl3aGTQTzSXpcFmNGsr0qkJ8Un7y5x3ou7TvitTmG0mVgYAAwpAJgSB5nMd66nC6z6aNvSe7TuefbxogCBoBgKTLCOBmlS9R+CSO/oaduKPy8z1PJ3Ztvhpm25hXKibhiU5FGK56Dp+Dsp3TzJuDopIALhUzkaery9tdo5l2OkaT6uXvtxX/WM5D2AACBoAAoqhMIpAXTqOLTTaa3NNpoMZrE+Jd7LtrMTSsptVorun8VvCS187l3amTR0t5jw9Xlu1OGrWTl7Gb+WpZRb8JbvOxYlo5NLen5dtPhrcrX22MIChASB5nMt66nC6z6aNrSe7SueflvGiKZAKXgAa+AEVXpv9DOkbzDG07Ru81Wqdpt8W2elx17axDxue/fe1vyxtmb4SVyolsqMc5O9jY02L6mSKoTZ6isREbQAyQXCpkzC1to3llWs2mIjmUNnDzZO+0y95otNGnxRT39/wBkfFuAAQDuBSYAUMBgO4QAVcqbOhl2dYjD/wDHUaj9D96Hk/0D45MFL8w9Tlu2sJWVeDg/rheUesd69StLJopj0y9NhMZSqx7VOcZrjF3tzXcVpWpaviYZgwIqvL5lvXU4XWfTRs6T3aR5+W8pGKmFJPRWCDUDVzKp2acuVvPQ2tHTuyQ1Nbk7MNpeekz0MPIShsrGQgxRJ7+ZRjTe9953unYO2vfPuSLnUQXACEIbOfrcu0dkPQdE0nff61uI4/aTmPVAimAgHcB7wGgoTKGENANAUAFQFGbDYidOSlCcoSXzRbTDC1ItzD02W7aVI2jXiqi+uNoz8tz9A0smiifNXoqe0uDkk/aqN+6UZprnoVpzp8kTw5uZ70cPrPpoy0nu0keelvLRFMipTdghoDlZ1U0jHjdnV6bTzNnG6vk2rWny47Z13nZlJWIbsVGGbei87n3wYpyXiqEz1FKxWIiPZAZoAJbML2itZmX2w4rZbxSvMpZwMl5vabS9/psFcOOMdfYjBsGQFwEUUgCwVSAAABplFAMAuEFyhlQ0GMvdZTsxTdClKon25R7T8Lu69LBzMmp+6TzTeji9Z9NHy0fMtJHnZb6kQMglbur/ACA2yjgZnO9R+Fkd/Q07cUfl5jqeTuzTHw0ZG45UkViioVGNa6nc6bh2ibz7gOsxACAx3/ngcvXZt57Ieo6FpNo+vb9QDnPSgAIpAMBooYDuAwAAuUNIB3AYDKhhHS2fwPt8RTh8t+1P7Vq/26la+oydlJfUrBxXl8z3x6nF6x6atjR8y0kedlvrRAMip14BEVZNJ7jOld5iGNp2iZeaqzvJvi2z02OvbWI+Hjc1++82+ZY2fR8JJhhLDVfA+2HHOS8Vj3Qj1WOkUrFY9kkjNiGBLPlmyRSsy2tHprajLWke/wDiWcC1ptO8v0DFjrjrFa8QRi+gCmgEA7gMoYAgHYAAYDKACgAqGgj3ewWA7NOdZrWb7MftW/1/BXK1uTe3bD1QaLzGafL1OL1j0V/bY0fMtJI87LoKSIBkUgjTzOr2acvHTzNzRU7ssfhp67J2YbT8+Hnz0EPJSRWEomysWJM7XTMHickoZ2EJlYpuFSzjazN3W7Y4h7Houj+lj+paPNv8SaTuBkUIBgADALACAaRQAO4DAYBEoYDCMuGouc4wjq5SUVzbKwvbtiZfW8DhlSpQpx3Qio/uyuBe3daZZrhi8zmi+HqcXrPor+2xo+ZaSR52W+oxUgpMsQjj5zV+GPjc63Tqc2cTq2T00/ty2dVwJlJWEyxTZ9cOOcl4rDEj1WOkUrFY9klJ9EBUSzW1Ob6dJ+XR6bpJ1OaIniPMpOFL3kRtGxNkUgpsATAaYDAChgABcBoBgDAZQwKRUem2HwHbruq17tJafe93pcrQ1uTavb8vfhyyKPN5p8vU4nWfRX9vvo+ZaSPOy6EGYqQRjl3/AM7jIefzCd6j4LTyPQaSnbih5bqGTvzT+PDVNtzZTIrFhOz0zB/9JQzsoQSUyYnwkQk4epy99/xD3XStH/58Mb+q3mUs1nTIii4AgKAVgGgKRQAAAAwGgBANFDApIMZfTdlsD7HDQTVpT9+XN7vSxk4moyd95dcNcijzuafL1OL1n0V/bY0nMtJHnJb4IpAa9eooqV+7X0Prip3WiHzy27azb4ebk23fjqelrG0bPHZLTaZmUGT4yx1GfXFjm9orDFB6rHSKViseyBn0YpuES2aeszdle2OZdno2j+tl77emv+lc4z2ibhQQAAAXAYDQDYAUFwGgHcB3AEAyhhHU2ewPtsRTj8qfal9qK19Tk7KS+oxVlYriGVEsDgZovh6nF6x6K/tsaTmWgedl0AQJkHOzapaDX1Oxv6Gndk3+HO6lk7cO3y4bO48zKZGTBhOz03Bzkn+mMkdhiRUTIxtaKxvLKmOb2iteZScHNknJabPfaLTRp8MY4/v9k2fJtkRQAAAAAgGmBRQXAYArgMBgNAUUCDF7vYXA9mnKs1rN2j9q/wAlhytZk3t2/D1ZWkTCEUcLNF8PU43WPRX9tjR8y5552XQJkEyA4uc1LyUeCv5nZ6fj2pNvlwOq5N7xSPZzTow48scz64sc3vFY92DGz1GOkUrFYYyR9UIGzG2c7W5v4Q9F0TR7z9a39JOY9OCKQAAwAATAAGgBIAuUMBpgDAoBgUVGbC0XOcYLfKSS6h872isTMvrGX4ZU6cILdGKRk4V7d0zLZDFLAQHEzXdHqcfrHor+330nMuceelvkRWOZYhJebxtTtVJPx05I9Fgr244h5TV378tpYGj7w1NmFs7PTsG0TeWMpOsxkiomTPnlyRSsy++mwWzZIpX3YrnCtabTMy95hxVxUileIJmD6gKQDQDAAABAUAXKAAsA7gNAMopBFgel2JwHbrOo1pTVl9z/AMFhz9bk2r2voCRXMMBMCAONmq+Hqcfq/or+2xpOZc6x5+W8TMVauMn2YSfBM2MFO68Q+Gov2Y7S83I9BDydvPljkz7Ycc3vFYYMbPT46xWsVhgR9GKWBhnI5Ory909sez1fRtJ9On1bc2/xFzTdsJkZBgAAgKAQAAAMoAGAwGgGgGUWgikgkvpmzGA9jh4J/FJdqXNmTh6i/feZdkPiAEyiQOPm26PU43V/RVsaTmXNPPt5Mgrl5zUtFLi/RHQ0FN7TZy+p5NqRX5cSW468ODLHI7PTsO33y+cosdZjJMIxVZHw1GXsq3un6X6+WIniOWC5xpnd7WsbRtAuRkCKLgCAaAYAAAK4FIoAACgACkVFIC0gjq7PYL22IhH5Yvty5IrW1GTspL6fTjZFcZkARRLAlgcrOFpDqcbq/pq2NJzLls4DeRIK4ObVLztwVup29HTbHv8ALz3UMndl2+HNm/54I6GLHN7RWHOljuelx1itYiHzkWPqiJkmdoNt2rUld8jj6jL32ew6bpYwYvPM8pNd0hcKTIBhQA0AwC4BcAAZQXAYFACApFRaCLiVH0XYjKlTw3tpL360rx/+a0Xm7lhyNVk7rbR7PR2K1SATAlgSBz88hZQ5s4/VvTVsaXmXHZwJbzFVdkZVrvOyWnaN3ma8ryb8Wz0FK9tYh5bLbutMtR6N+R0dFkpjtvZ8ZCXedyt624lhsUkZsWOcbmN47o2Z479lotHs1JRsczJprV48vT6XquLJtF/tn/iTVdaJ3BFK4UrgNBVAAREqltAncqMgsSq4UygQDAYDQRaKi0EdDJ8E69elSjvqTSb4LvfRXZXxy37KzL7JOjGEIQirRilGKXckrIrib7zu12iiWBICYEMDBtLH3KXOX4RyOq+irY0nMvPM4Et5p5jU7MJeOnmbOlp3ZIausv24p/Lz00dqHnEqKe8yiURKjwPpTJak71lJhjafejoYuozHi8MZqlO50ceox5OJYzCKkbn2TZhlR4Hxyaet25ptdmwemd4+JYZQaNDJp7V/L0Ol6pizeLfbP5Sa2zp7kFNAMCXNXt6kYzMJrbkwkpgnw8QRDPEMzKqgGAwGEVEqMsUVjL3n/jTLbyqYhrSC9nD7nrJ+Vv8AsVzdbk4q9ziVuK0GqwqGAmBLAkDX2kd4UucvwjkdV9Nf22NLzLzzRwm85OdT+GPNs6Ohr4mXK6lfirkyR0HJ2ESpspoqbJaBLHOmmWJmOE2YJwa8Tcxa7JTxPmGM1Y+eh0sWtx38TO0sdicTb3iU8sU6HA18mnrdv6bqObB433j4lglBreaOTBaj0Om6hhzeN9p+JCPjs3yIJnBPfz8Qkxuhdpf1L1RGPmGSFWL7+j0YZVtuyBmZQ0AAUgKCKRUlliisLTs+zbL4FUMJRh3uPbl4ylq/26FcPLbuvMt/E7ivm1JBUsCWBLAlgaOeyuqf936HH6rxVs6XmXGaOJs3WpisHGerTva102j7Y81qRtD4ZdNjyTvZpTyng2udmbEa20cw1bdNpPE7Mbyqa3NP0PrXWRPs17dNtHFoYp4Gr9DfLU28d+/iGtfS3qwVaE4/FCS5xaPt2y15pMezCYsdmKTCJlFA2YZU+DsffFqcmPiWOyJStvXVbjpYuoVnxeNmEwaSfib9b1vHidyPDDOhwPhk01bceJdPS9Uy4vFvuhgkrGhfFanL0Gn1uLPH2z5+PdLVz5NoIKOyr37wbLTCmFNBDQVSAaKjJEJLqZDhPa14R7k+0+SK1dTftpL6pg8RKCS3rgyuM2JYntbyqhsIlhUsBMCWBgr4L2ziu12beF95p6nTfW287bPpjy9jPHZ2n3zm34dlfoa8dNxe8yznU2a9bJ6cW1q+bM46fh+EnUXY/wDb6a7j7V0mGvFYYTmvPuP9JBdyPtGOscQwm8/IdKPAy2YodCJU2a9bLqUt8YvnFMx7YY9kOdX2eoPdHs/a2iTjqwnDWWhW2ZXyykudpfsYfRh8508NGrs5VW6UXzTiYzhl8508tOpk9db4X5NMxnHZ85wW+GlWwU474zg+NmkWtr0818MJxzHMNdtrer+Ksb+PqE8Xh85qTafB/k6FMlMseJ3Ima+YYKlG27U+GTSxPmrraXq16fbk+6P+sJpXx2rzDv4NTjzRvSdzuYNgXAdwGmRVJgWmUNBGWASXt9i8A1B1Wneb0+1GTk6vJvbb4etiVpquA7hT7QCuAmwIbAzYbejFHXREc/Fb2FakioxSAxMBMITAxyCJATAiaQGpVQSWnisPBrWEHp3xTPnMPlaI+Hjc2glPRJckkfLfafDUvDXi9DvYJmaRu15a+K3GWWPtfXDaa5K7TswxORbl7enpgEZmAMKuIFgVEIzRCW4fYtmor/TUtF8Ee7wMnBy+uW3ikk3pwD5tcoAoAAEwMbA//9k=\" data-filename=\"map.jpg\" style=\"width: 258.993px;\"><br></p>', '2021-02-18 11:06:43'),
('PR-20210218110801', 'PT-20210218044915', 'Cetak Sticker', 8, '-', 1, '<p><img src=\"data:image/jpeg;base64,/9j/4AAQSkZJRgABAQAAAQABAAD/2wCEAAkGBxMTEhUSEhMWFRUXGBgZGBYYFxcXGBgbGBcWGBcZGBoYHSggGB4lHRcdITEhJSkrLi4uGB8zODMtNygtLisBCgoKDg0OFw8QFS0dHR0tLS0tLSsrLS0tKy0tKy0tLS0tLS0tLS0tLS0tLS0tLS0tMC0tLS0tKzctLS03Ky0rK//AABEIAKgBLAMBIgACEQEDEQH/xAAcAAABBQEBAQAAAAAAAAAAAAAFAAMEBgcBAgj/xABLEAACAQMBBAcFBQUFBQYHAAABAgMABBEhBRIxQQYTIlFhcYEHMkKRoRQjUoKxYnKSwdEkM6KywkNTVIPhFRY0o/DxJWNkc5PS4v/EABgBAQEBAQEAAAAAAAAAAAAAAAABAgME/8QAIxEBAQEAAQUAAQUBAAAAAAAAAAERAgMSITFBEyIyQlFhBP/aAAwDAQACEQMRAD8A0zerm9Tea4WrDRzepb1Nb1Leopzepb1N71LeoHd6ub1N5rP/AGpdKTEv2SFsO65kYHVUPAAjgW/Tzpo9dL/aUImaG0CyONGkOqKeYUD3z48POs7udtXt02GmmkJ+FS2PRE0+lS+h/RZrtizHq4E9+T64XOmcc+VHr7pnBagwbMhQAaGdhkse8c28z8qgrf8A3Vv27X2aY+anPyOtSLC/u7BgWgAGeE0AI9GIDD0NNT9L75zk3Uo/dIQfJQKk2fTi9TR5RMp4pKqup8+f1rOjSui/tAt7krHIOplOgUnsMf2W/kcetXHerC/7FeaKBZXB4DObeQ93fET8vOrF0W6XTWkn2LaGQBgLI2pT8OW+OM8m5fpZVrUt6lvUyHzrS3q0yAdKuiq3BE0LdTcr7sg03scA2NfX9RVD2jcor7m07RhJ/voiI2fxI9yTzFaV0g23HaQPPJwXgBxZj7qjxP8AU8qyd9ubR2oWVEJjB1RQBGvcC7YyfXPhUqpI2xbQqy2MMnWuN3rZSC6htCI1XgTwzWk9B9lG2tVRxh2Jdh3FsYHoAKznZcl3s09bJZrJGOLgI7L3kSJkr66Vpmw9vQ3cQlhbeXmPiU9zDkf1pDXOk+y+uTfQAyoDgHg6n3o28D9Dg1R7Lpg9omGjee1yV/8AmwHnFID3cs8a0jeqpdL9hjtXcMq28oHbL46qUd0gOh8DS8fpKpO0uk322aWaNCkMFtKFB73wFzjQEtjA8K0HbSPH1d3H7wC7478gcfA8PkeVZ5sOKbaMiwHqIoEdXlWJVTrN05Gmcvw8hmtglUFSpGQRgjlikETZu0RNGHCg50OPh45yDwIqv7IveyznVN4pJ5EkBvQigfSK1ktnbcuDbh9BKc9W47nPwuBpvc6I9AIVaOVFbrI1VI+swQHYBjIy54jLfSnkqwbSsyVDRuAqdrv9QRTaxBwX+Fl7Q7mHOhE921qskLRvJx3CvjwBHd40UsJzHEknL3X9OdENRgOq9nPLB5EcPnUK+2YkvvAYPEcaKi8UyuRggBSca8a71Sh8A6HUE+NXRmO3+ggOWj7OPkaoe0dlSwnDqfPlX0R1fHOpHHHCoG0tkRyghlFXuTHzzTkDEEEcfCtE2/7P+LQ6Hu5VVrfY81vMjSxEgHu0rSLf0AhkZTLIzdwB7qvttcDhmgezo8RgDTe18s1YLeAKBpXLnfjfFJDV6zXgV6zXPGhjNeSa85rma66j0WpZrxmlRHvNLNeM0gaDzdXSxo0jHCopYnwAyawCSSS9uyeLzyaDuycAeSj9K1f2m3pjsJAOMhVPQnLf4QapPsttPvprgqW6mMlQBklmB0A5nAI9aCR052ktvGmzLY4RADMR8THXdPnnePmKrfRzYMt5J1cQ0GrOfdUd5/kOddu9j3skjyPbzFnYsfu34k57q2XorsVbS3WIY3vekPexGvoOA8qATsvoTYQ5WQdc6gFi50A7wo0A+dELjops5xumCIZGRuncOO8bpHzqdPaMZSw3dxkKtx3ueOXDXvqNbbPlXqCdzKbwbDE9ljyyuunLSgpXSD2c4Bezk3+fVMRvEfsNwbyOPOq/ZbQV1+x3uQF7McrA79u34W5mPPFTw4itXjs5FMJCoOrZgcMdUbTPDjqTj60J6c9Elu0MsYAuFGnLrAPhbx7j/LhMEDoHt2SGU7Ouj2l/umzkEcQgPxKRqp7tO6tA3qwm0kaeLqTkXNsC0J4MyIcvF37yHLL5MK1jojt0Xdskum+OzIBycYz6EEEedWFVD2kyvdXtvYRnuJ7svxY/uoM+pqo9ItrvI62NiGW3jO5HHHnemb4nfGrFjk+WtHLu7P2zadyDrEjxoe5mKwKR5ANRP2VbDCxyXTDtsSkZPFVHvEZ5ltM/s0lVVrXorta2AmhR1I1KpIpbyZAcN5a1J2Bt4pIbmBOrmT/xVsBurMgPbkjX4XXiV5cRzrT1lm0yG4dy59wH/MpH5qrPTLo48i/bIBu3UJLaDHWqpPEDid3h3jIPGtIvNherNGssZ3kcAqfA1QfaHcGa5S3diltBGZ52HE64VR3twA/er17OttrvdSukUytNCv4GBxPF6Md4eDChPSQmae5iHGa6igz+ykYb9WB9KlAS227aFxu27W26exNHIzOp5FwdG8RWtdGdsmdN1yvWoBkr7rqfdkXwP0IIppNnRxRi2WFTEBu4K5B01J7ye+qqkR2fcpjPUkFkz8KnHXRHy98eRqYDnTy7YqtsjKgcM8kjDISNMZPmSQKZ6E7XRVWAOjpwR1XcOe51PAnv51D6Ww9fdCHXEghQkcl3pJG+e4KkbR2FGi9Zbx9WyDUDPbVdde88waaC3TJ8RAoG64ndjKnBBwScnhgAZp/o9KjW4iwcqMMGIJyeJzzyar23bz7TFbhTrJlSRyyVVj8s122thaSp1e8IW7BDHODyPlmgI7FeNbiaIFcDTQEbxPHXmRpwrzG+Llosk5TIyRoM6YHGgMdlIZJLhXbKOd1PhIByx8zTt11klx18bYCqpxj3s8RnlpQEY7ybM2cFk5DTIxpUm22tkIGX3lznl5UISZxPJKCOrYAEa5zjjTcFxIqRggEhsj900RZ0mRhoaals1bjg0Cj2iR8PM/LlRG02oraEYNRTclr1ThxqvMd1FUkyMim3YMCO+mLdsDHdWcVOD163qjK9et+gO5rma8Zrma0hzNczXnepZor1mlmvOa5mqM99slxiK3TPF2PyXH+qguw75rbY888bFXeZVVhxGCo0+tTfbOMm2/5n+ig13psKEd9w2fQv/SrjNDR0zvf+Kk+Y/pXR0zvf+Lk+a/0ov7JbGOS4m6xFcLGMBlDDJYa4PPT61qy7LgHCGIfkX+lBig6ZX3/FSfNf6V7i6a3qkE3LkAg4O7g41xw51YvbDs5V+zyooUdtDgAa9ll4eTVUuhu2Da3SSt/dnsSd263P0IB9DTDWi+0vpBNCLY28pj6wOx3caj7vdzkH8VEvZxtqS5tWMrl5EkZSxxkghWXh549Kp3tjuPv7dRyiY/xOAP8ALT3scvvvLiI80RwP3SQf84pgke0jZbW88d/B2SWG9jgJBqreTAYPl4166H7QWC/CJpb3iCSMckbtHd7uywdP4au/SLZwubaWE8WU7vgw1Q/xAVi9nen7LvjSS0mV1zxCykAjwxJGv8ZpgNRbRlgXaMsTlHN0q7wwTgy3DHiCOVdiv9tOoZDcMCAQRGuCDqCDu60OmuFeHaBU6G4ikHk8k+P84rXOjUgNpbkf7mP/ACLTF1l/RnpLtGS8iiMskgD/AHiYQdkHD50HDP0qy9FekU0m1Lu3kkLIDJ1a6YXckxgYHcfpVVuVa22rNKn+xkaUjvRiDIP4JCfSvXRZz/2s06nKNcyJnvE3Xsh9SgrSanbZgNleybgwgZbyL0O5coPNST+UV2/urn7Q8dnJuNNeS65ABAghZckg40zR/wBoluP7LNj3Zuqb9ydSjZqn9E7g9fAX95LsI3mbcxfrHQ0d2fc7RivoLe5uM72GI3sqy9rIzujXSpVvM9zs+SRyXlgmdgTxwhJx6oSte+nMB+12ci+9iUL++oDoPXBHrXv2dAGFwRpKN/Hm8iH/ACisqHiWaZ4o4JjExCIX45CLNjPmAD609sy+njk6qadpCt0sbZ5q0bY9CSPlQro6/V3iKToDH9OshP1xRfa9n/bXYcnSQ/8A4mwfQp9azgjXkLib7KkjRHrDuuvEKxU6fpTmz3kPWW0krSsokOW45RgVPyNeNtXsb3scsTq4G7vFTkA/+hU28TqZ5rkRu+OzuoMk7wXhVAy3uHAFz10mGfcMeewOHKnpt5ZJGDuBGyjdB7JDd458a7sK2LxPGy4IkD4PEZzTtpDI08qzboLgaLkjs8OPPFENFCHbtN7xXdz2fdyDimgGwvbbvBzrry8qnW9oA8qSOWzrnhwHAY7hTaRIETTVTz7v/amGoqRsxwGPzoguy2GDv03FcAe4BzYY7qU14/PQVLKvHBq1yBgnNOoeNBNmXmWxRaLOSaz5+tXPiUpr3mm1r2BVQezSNec0ia0y7XnNKuZortKuZpZqozn2zJ93bv3O6/NQf9NV4tvbC/8At3Py3j//AHV29qtrv2LNzjdG9Cdw/wCaqN0XXrdnbQt+JVVmUfu6nH8A+dWIn+xyYfaZl5mLP8Lr/wDtWuZrCvZpedVtCLPCQNH8xkfVRW45pViq+1K137Bm5xuj/XdP0asy6KWH2h5rbTekiYx+EkZVk+Y3h+atm6R2vW2s8XNonA8907v1xWJ9Cbzq763c6AyBT5OCn+qkSo+1NpPN1XWcYoli14kKzkZ8cNj8tXTo1H9n2jZ6YE1nGD+8YtfrGKFe07YnUXRkQdicFh4P8Y9SQ35jVg6e/wBml2dcDhEQrY44QxnHyDVRpOaxe/sgl/f244Sxzbo/a3Rcp8itWe59qcA/u4JW8WKKPoSfpVUttsfa9qRz7gTfO6V3t7/ZMnHA5eFAL2IN6G8j/FAHH/JkR/8ALmta9ntzv7Pg/ZUofyMy/oBWW9HUCG1lb3JHlt5O7Dqi6+k2fy1cvZVclBcWbntRvvY/wP8A4lB/NQRtvRBduRBvcmQBh3iRJIT+godsawa2iui/G3u7bJ8I5Dk+qvn1q4dJ+jrT3VvcLIqdVjOQSW3XDgDHr86I32zoZVmQ72Ljd393j2QACDjjhRQVXp10stJ7V4YpC77yMuEYDKsDxIHIGgTRdXJcSDlMJl/5MwL/AOGarB0i6PWdlbGZIBK+VVRKzsCWONQCBwzTE1uDE8x90Xk0b44BJVWJvQNg+lSiy9KrZ5PsksSlylxG+n4CCGPlg1Av9iXaCNbKRY8GUMSQOy0pdMdk95qV0V2optRHK2HhbqW78rnd+YH0NE7jaMceWAJUIXLgZXAzoT6UVQRZtHl98SOmN5xnVuslfGo/EmPWr6lukh68De6xEGc6YG8R69o1Vujtq0trMcdsiNgP2xmbHzfFNbF6QwwgxXEjIoXMXHdaNskDQe8vu+lQ1Kv9mRJI8MMaoFi39BrnxPlRi22krQiTBOF7XcCBg/pQ3os3XSSzEEKw7IPJTooPoufWgG1InjkNuJiqs2sOCTL+EoeQOmfI1IUYs7gQiGVjurIp3mOuNcg/WvbT70b3CdrEmQeG8oGPSpm2LUC03TgFF003gSBwxzzUOzvALEnGoBDKQPePLAq9sS68OjNB1wO4xYk4wcA6YyaeuI41lGTr1R0oXBK8lssOqsGx2gMgAZ1Fe0hLnPF1AXPhzq6YciuCVXcGBukfWmJFzx1NEoLXvPHkOFSPsqjiKxy2+nXp9s9h2x4Tv5NWRRUG3K/Dip4qJfZxa9A02K9Zozo7muZryTXM1THrNczXM1zNUes0q81ygh7csuvt5Yfxoy+pGn1rHvZ7e9VeiOT3ZQ0LDxbgD+YY9a23NYj0+2c1tfM66ByJkPcSct8m19RWolB7+BrS6ZRo0MmV/K2U+Yx8637Zt6s0SSp7rqGHqM4rIunMYuIoNoxjSVQko/DIumvyI9B30a9k+39Gs3Ooy8WeY+NfQ9r1NKRpZrDB0XvBO3U28h6uVt1iN1ew53SGbAxoNa3DeqPMjFgVOAMaZ494xj61NXELpPsZbuFUOFZXR1J5EEbw9VJHrTHSzYcd6ixNIU3HDZUAn3SuNe/e4+VEVtdCGYnP046Anzr0IUXU48ye7Whir2fs4s1ALmWT9590f4AKCfbYIdoG2gtIFWPfzMQXkG7CzkqSeyQRjNaHcXiJG0pI3EUsSCMYUHP6Viuz7ot9tu24mNh5PcvugA+ClvlVjNGtlbJMuxJCPeSVpVxx7CqGx+XeqMm1jDc2+0V1WZcTAfjXCTD1wsg781fugdqEsIQR7ylz+diw+hFUW/2YsE8thKd2GYiSCQ8I34IfLjG3hg1dGnz7ThwmWB3xvJgFt4DGowP2hXi62mFTeiXre2q4XlvEDOgPDjWW7C2+1m/2e9hLrGWABALxbxBO7nRlOAf07qtV97RrVE+5DyPjRd0oo/eJ/lmg8dNL/rZrW2I3cP10o7lQE6+BAY/KinRqwE2ztyQf34kdvAyOzA+mnyqgQ9bNvTOcz3jdVH4ISBI+OSgAIPDerXbWERosa8FUKPIDAqKzSO7lgc3CqHaPEd1Ge9dFl8mA97kc99SdrdKWvV6hEMUWN6Zyc4RdSMjQD9TirF0k2DI7i5tWCTgYYH3ZB3Ny+fGqam0N6bqbxkiiVsukSAK7DkxT61lV+6KxFbcMRgyEyY7g3uD0UAVU+mOzzblpepimgLbwVzgxOx7W7jipOu7V8SRWUFSCpAwRwxyxVF6YXTSXCxIglZDuxxnVTIRvM7jmEXHq1aRZOiRQ24ZXWRnOXZdADw3QOQAwAPCgHTO+BmUfefd+71Y7Qb4mJx7oBGnjXei80kVwY5kEbsO2FwEY4yrgDTkQcVJsrmNGeSRgHkY4XixUdw7tayFe3RuLeFQdZGAYj9niRQ2VBbBolDOmVYLnLHHLJpu5jb7yJHKCMu3Z44ODgHlTkQ3mi8Ym89TpV0wp3MjBhlchWwD3nGpo7Zw6A8ieNCNnJuswkA0UAAa8KnG4bdZQN0KQAfOpauC6ADQd9M3Uwxigd1cvkjJ8K8B2Gu9mud5NQes0A4VPBoHsZ3JJPCpe09pCIA4zmrL40s8+BLerm9QWLpDGeIIp/wD7Yi/FTun9s2VcM1zNcJpVpXaVczSoFmlmlXKBZqqe0XYf2m1LIMyRZde8jHbX5DPmBVrrlUYt0H2gjdZYXB+5uPdP4JNN0juzgeoHfQO+tZrK4KElZYmBVhzx7rDvBH8xVh9onRg20pmjH3Mhzp8DnUr4A8R8qk2k0e1YFglZUvYx91IeEqj4W7z3/Mc62wvHQ/pRHex8lmUdtP8AUvep+lMr0r3nmQR7vVvuZO8297w0VRnOV4d2Nax6SOe0mwd6KZDy0I8QeYPyNXbYPtKCDFzDknjJEACx72U8/I+lSxdXy2v5nx9yeWWbsDxwpJPoai7Y6PGa5in6zdCIVI3QSc73DOnxcweFDj7RrHGd6TPd1Zz/AEqtdIPaRJIClshiB0MjEF/ygaL56+lTDTntD2ukYNnC7MTjriWyAF1WMAaDXU47hQWaxYR21iuetncTSjmu/wBmJT5JvOR40zsHZ6qpvbofcoewp43EnEKM8RnVj/1q0+zrZ7zzybRn1JLBDyLHRiPBR2R5nurSNCgiCKqLoFAUDwAwP0oN0s6PreQ7hwsi6xv3HmD3qefz5UbzSrKsbnvQuLXacLs0YwkqECZF5DJ0lTuzTBbZsXaX7RcNyRwsaZ5b5GpHgK1XpHDamFnu0Ro0GcsMkcuzzyeGBWTDZzXLNLbxJbQKdHeQqox3uxJLfu8K1EXroXsmV5DfXQw7LuxJjAROGi/CMaAeZ51cs1lFldX1pmaO4S7iX+8VZTKAOeQe0nmK0jZG00uIlmjPZYcOYI4qfEGpViF0s2gyRrFGcSTEqG/AoGXc+AFUKO4O632a0WWFdGkeMuz95LfD5DhRrpM7T3TRIdSUt1/Z3vvJz/DuirRGqwRBdIokwMnTOoHqSf1rIBdCL9cNEpPVkdZECcldcSR+O6cHyaouzbiNHkuZnCb5xHnid8l23RxPFR+Wm9oRC2vH3RhGBceHWI6uB+ZVPrQ652UqxR3Z3mk64AAnICRlhugeSVUHtr3KkRXCgjdd4znngnX5r9aFT2KoYHUdqUHfY66bwx5YApy+/wDARg8WkZsfvFj/ADotDarJFGX93qsHl561FQoFD3FxukEMAMjhyBpl92CXfycZK5OuNOApkXYgKMqHdZWwFHLPZ/8AepG0ExBGScMW3vnxBq0Ppb5eJ2PHJP8ALNSt73gcanP9Kg30Qchg2o0HhpUcW7YDZJOe+seG+2iDRHjXgLk5xmh0hcHGTjOtPRTEsEDc+6sfj+xdz2smzhhcnnQLaU560l1ynKjc8gSMkngKrUO1lYanQ8iP0pyuZ4b6eW1JmskK76ajmBxpkWyftj0/6VKtgACY2yOa0+jZGmPWvP1OeXxxasvytANcrtcr2uBUq5SoFSzXKVB2uUq4aBi+tEljaKRQyMMEGsV6WdFJbF99SzRZ7Eo0KnkGxwPjzrcabmiDKVYBlIwQRkEdxBqxmxkFr0qguUEO049/Gi3CD7xf3san048xXG6DLL2rK7hmX8LHdceBxnXzAqw9IPZrG5L2riI8erbJT0PFfqKpt30Ivoz/AHBb9pGVh+ufpWmUwezu95iJR3mTT6CvX/ZljZ9q4mF3KOEEPuZH437vl5Ggt7sK7RC80bog5yMFHpvHU+AoZbsoYF13lHw727nwzjSqLbYW1xta4BbsQpp2RhIl/Ag4Fj/14YFa3Z2yRIscahUUYUDkBWU7N9orwqI0tYVjXgqll+uTr41cuj3Tm3uSIzmKQ8FbGGPcrcCfA4NZqxaa5muVE2tfCCGSY8EUt54Gg9TgetRVF6Z3wubk25YrbWw6ydhzOnZHe2oUDvY91ArTZlztN8oBFBH2UBz1cY5KoHvtjiaZjtpJVgtQfvbt+vmbwJbcz5KGkx+0K0+zszGqwRDdjj0HLh1bZJ4knLVplne0OilzY/2iGQSBPeKggqOe8pzvLg6+dHegl6qzsiDdhuE61F5I69mWMeX6AVZrG9haWW2U7zqoMgxhRoq4+XLWqFbRfZLlk5QXAZc/7ueNlx9FoqSm0HEwaCJpblmmdT8CLJIygkczuoOJAFRWvJZIJnlkZ5GmjjKngu4S5xjQDTGndVh9ny6yseIjtl/8sufq9AIbTUv8Obtm84ywU/J6lBj2gaNGR+Ej/wAyL+pqVFbmS3tlAyOsbe8BiQZPqaHbRuWvGD9WUjVWCb3vPgb5bHIdirB0dmHVbgGSruPAdokE+hooJe7HCygAlyys2ucIqjACjxIpi0vGaIW+Dv53QMaBSchs+Rqy7KQySySk5AG4p/Wh6xmG4ABDIDoDgEZ5D8WM0EfpFYqEiGSrLjBGToMZyOYpy4kVtOJCfLvNELmRS751OCAPDGpoWbNgA+nDX9alWOom4R2c5/XFMXEuN4DQ54VKvbwAK3j9MUMlYs29prWcjpORuW7Pgc0R2LDk75HlQhIizAVZ7dQq47hVyM3lUHpHN92UzjeqtpvkKNGC+GtEttPvtx4VXbq73dEbXnWZ3b4rtJ05095TzRQTkHd3CGxxFDilzk6sNaUG0nzqu8ANasFvegqCM/rU52z3NTp8Jz/bbGsVyuZrldHAqVKuZoO0s15zSzRHquUq5milXKWa4aBGgvSjpDFZxb79pjokY4sf5AczU7a20Ut4nmkOFQZ8SeQHiTpWPwpLtO5eaZuriQb0jn3YoxwVc6Z/nk1YleFjvNqSl2I3V95yd2GIeGf01J50+ZtmW2io97IOLMdyLI47o5j0PnUPb+3uuC21spjtlOEjXjIfxPjViTrj+dGtg+zeWQB7h+pB13AAX9c6L9aqBx6U250bZttu+HZb+ILXJNkW10paxLJKBk2shySBx6pvi8jr5Va5PZzZk9Ws0wfd3s5UjGcZI3ccfKqb0g6OXFhIr72VzlJkyO0NQCPhagu/s66TNMptpietjHZJ4uo0Oc/EvPv+dSPaRITbx26+9PMiemc/ru1SJ9oYeDacYAbf3Z1Gg6xRliB3SJk+eatPTG8Bu7VgcrHDNP8A4CVPzUUAwbQhsrqa4lKySkGOKGM53EACqXb3VO6o0GTxqHZbdudoXcUbSCNN8OEGQpCHewebnA56UV9nvRWB4EuZl32Ytuq3uLusVBxzOnOgN2Giv7qdOMEvWY71MgVh8noDvQi539pXj/iDn0EoA+lRvaCuLibHxQQt6icLXvoO6QdXLKwQPBO7MxwP79APPhXbqdb65MiK3VnqYQWGN4iUyHy0HCgL9AD/AH48Lc+hgUfyonsTZJSMrIAxLynvG7I2cHv0AoL0RnEUwU8JIFH5oSVI88CrJtS8Cxb7KQSRuJnVmOQAR659KyqJawiS6kbHZVdwegx+pb5UCMW6xXrSje46DIL7ugIPDBFWfo7Buxbx4sc57wOfqcn1odt9w8gVYw7DuGrHxPcP50Be0RY4dCDgZ04Z8P0oTPZqE6xv7zIbPPU8Kbspz1O4q4y2ik+73jXlkUo3LRneOWJH0OvpQe2t8EkDiup8TT0mGjOOG7gedT90HTkBr8qiw6KAe80UBe2OQpOmKivZYAGedWm6tAcEcaHybKPnmltzGpJ7BoLiOJ8MdeVFZ5xuZBpnatqipqBmossB6gVMyMW7QTaRyrHJoRFb9jeHE86slpbK6tvN4UzfbKWNVKNkZ4GuE/6eE59n167w43J/gG8B3Ry7zRrZq/djtgULvJXDYCkjHcaJW8uFUbg4V6Z0+fUn6XK9Tp9LnnKtlxSIqQyYphqjm8VykaVEKuUq5QdzXM0q5UHa5SoX0k2oLa2km5qvZHex0UfMiqM99o212ublLKHUIwBA+KVtAPy5x6nuoV0puVgjXZ8J7Kdqdx/tJccPJeGPDwr10XPVRz7Rk1ZMpFnXemk4t44zn1NPezrYZubkzSdpIjvEn4pCcqD3/iPkO+tMrH0F6Mpbbk065uJATGuM9WoXOT3MRz5ZAqyR3zyGEgEBus3gBkDAwMnlxHzqVtQohWaWQRpHkkkgA50GSf0qr7P6awvcxWtrH92zEFz2c9knsrx1PM/Ks+19DM88NqEluJFjxHuBBrnXOg4sdOQ76I7VsEnieGQZVxg+HcR4g6+lY57Qbjfv5znIXdQeG6oBHzzW1RNlQe8A/MVfR7YpY2rIbyzfiEY/ntyXBHmu/wChqVHedYu9nJTZzJ8pDH+hox0igCbYj7pQufHfR4j+lVXo/qtwP/pZPoUb+Rqo1joSP7Db/uZ+bE1V7Sw63aO0Ij8cci+p6vB+ZqydBJw1jDjkGX+F2FPWWx1S5mnXJeQ6k6BVwNB3nsjU1lcCY+h6SpaCU4WKEBkHvFjhjryGfWvWy1DXe4mkUbvuKNFURJuaDxZ+PhRjaG1khSVhlimQT+3jsg/MVC6G2ZUMzcQAme9vfkP8TY/LQBNpWB614QwR1cyQsTugiTUqDyIIyPWnbS0keQCaXfk4e8CI15nI03jwGO+rRtvZcMq70uRuAneGhA5jxqotBChIYPr8II7I5bxPFueKmqvTBUTTQKNB5DShVkAo3z7zkac8E6enOmreU/Z+rzvHe3R+0pwy/Q0xb5WU9Yc7pBz5DRR60D9tF97JgcN7HmaeazADbo4DWmrWUI7FtN4Z/wClT90hMc2OTQR7ZwI8a5J58ad3MgmvEUA1HLOle42xkeNFKPXSvXWKoO8rE8iMU8sWvhT4WiK5eWbTSjQiManPOiF5ssMhUHGlFVSkVoTxVG/7vSAiPdU/tA16uNmCHHFyDrvcKuSr2sjlTrIG4gGs9s3cej89vtQ7q/6zCrEBy3gP0pmPou51G8M99X2PZ8Wc7mDUo24766Tlynqsc707/EUY1HepBqO9RzNkVzFeqWKI81zFe92liivO7S3a9Vw0R5IrNfa9tH+5tx4yN6dlP9XyrTMVkO2B9q2yE4qJVT8sQ3m/RvnViV62tsCd4raziXCxR9bNIx3Y1kk1OWPHdGeHI09B0qg2fbi2tcXEuSXl1Ee8eY5tgYGndxoL0i2xc31y0KFmTrGWOJdAQCcE95wM5NWno37N0XEl2d9v92p7I/ePFvIaedVGfbW2xPctvzyFzyHBV/dUaCrf7KordnlZ0BmjwyMeS8DgciDz/aqL7VLUJcxbihV6kAADAG678APMUHiL2qQXUXCaKVD5gtGw+RVvSnwQLrMz3E3LLSH88qqB/j+lbtsx8wxHvjQ/4RWQbGss7NvpfGFB+V1Y/qKPXXTvct4YLVd6Xq41LkZCtugFVX4m+nnSh7pgf/i1p4KpPo0h/QVXOj1ruvak8LhJ4ifMvGPqVqVBYGMyz3UpN0IZHEed5lyhUNKfh1cYQa60U2xsZl2ZZyIMPDuue8dYd4n0bdNBI9lm0MLJavowYuoPorr5gjPqauVrctLqo3Uye0RqcE6jw0+vpWd7QtGLLfW2Qrnebd4xSfGDjgCdQfGpsG0Ly5XcLkRgdpsBFA/aYAfLnUsUT2zerLLuxgGOJt7ThJM2ijx1/Q1bdmWfVRKnEganvY6sfmarnRiyQlXGkUeer3tDI/BpCD8h3VbqgCdIJz2Y11JwSO85wgPhnX8tOWWz41XqyAxYHeJ4seZqA92gkeZ+AzujvJ0UD0GfzVJsJy0xZsdmMcOA3jvY+WKKhbHXtqv4dfkCP5UQMAwSR2mY49Sf5VA2TMFlGfizj5CicbF5Mgdlf1pgj7Th3SDkAYHLJGOYp13JCn503cTHLMe448gNTTOzroMqa6tUvgT7duPhrTioDmojxLlmzgHWqdtvpNLAHVGBGcLnjSeRbbXaatctCuu6Mnzo4tZr0G2rGsrNK2GIHaPMmtJt7mNvddT5GoQ6Eryy091dM3GQKqmbdOJ7zTuK9R6DUU6oBoGsV63qdMdeeroJDNXilSqjmKWKVKiFXKVKqhVylSqK47YBJ5a1jvQ2Teuprg/BFNL6nh/mNKlViUz7M4N6/Un4Y3b1wF/1VsRpUqVIzH2vJ95bt3pIPkU/rXLDZn2nYmAMvE8jr+ViWHqpP0rlKqJ3R/YzybHMSAb8xLDJwP7wAEnu3UzRnox0Tgs16w4eXGTIeQxruD4R9aVKoKNEDcNNJxN3cLGv7u9vt8h1YrWpLVWjMRXKFd0jwxj9KVKqKG+wL20kJtmZkPArg5HIOp5+OKY2lHeOUSZiWY9mIYGn4iF0A8TXaVA8llDor3GX4aKWRfDe/oKsmybx1glSQ9uPsg8fe0XXn/TFKlWVRLiyDRB21LsqoOSrnHzIHGvMSSBP2SBvHm2pAUemKVKqp2/sgrAMre6CCveMgipuzpSFK4A00wcnPcaVKoiBdlxvgjOQQD+tVrZd6y7wGSQMLyx4YpUq6ySxm0QvL2QLun3mGgqo7et8IC/vk0qVcrMska9wFR9aIWN40bq8bEFTnj9K5SreMtM2P7QImAWYFD38qskW0oZd3ckVs68RXKVcr4alFFTPCvTQDupUq0psxY4GlrSpVFf/2Q==\" data-filename=\"st.jpg\" style=\"width: 300px;\"><br></p>', '2021-02-18 11:08:01');
INSERT INTO `tb_produk` (`id_produk`, `id_toko`, `nama_produk`, `id_kategori`, `merk`, `berat`, `deskripsi`, `tanggal`) VALUES
('PR-20210218110910', 'PT-20210218044915', 'Banner', 7, '-', 1, '<p><br><img src=\"data:image/jpeg;base64,/9j/4AAQSkZJRgABAQAAAQABAAD/2wCEAAkGBxIPEhUREBAQDxUVEBUVFRcQEBUQEBAVGBUWFxUYFRUYHSggGBolGxcTIj0kJSorLi4vFx8zODMsNygtLisBCgoKDg0OGhAQGyslHSUwLS0rKy0rKy0tKy4rLS0tLS0tKy0wLS0tLy0rLS8tLS0vLS0rLS0tLS0vLi0tKy0tLv/AABEIALwBDAMBIgACEQEDEQH/xAAcAAABBQEBAQAAAAAAAAAAAAAAAQIEBQYHAwj/xABIEAABAwEDBggIDAYCAwAAAAABAAIDEQQSIQUGMUFS0RMWIlFTYZOiFBUycYGRktIHIzM0QlRzdKGjs/BysbLB4eIkgkNig//EABoBAQADAQEBAAAAAAAAAAAAAAABAgMEBQb/xAAvEQEAAgEDAQcCBQUBAAAAAAAAAQIDERIxUQQTISIyQWEU8HGBkaHhI0Kx0fEF/9oADAMBAAIRAxEAPwDZoQhAIQhAIQhAIQlQCAEoCUBAUS0S0RRAURRKlopCIolologbRFE6iKIG0SUT6JKIG0SUT6JFAZRJRPokogYkTyE0hAiEIQCEIQCEIQCEIQCEKvy9ajDZ5ntdde2CVzDStHNYS00OGmmlBYIXG+Odv+snsovcRxzt/wBZPZRe4rbJY9/V2RC43xzt/wBZPZRe4jjnb/rJ7KL3E2Sd/V2VKAuM8c7f9aPZRe4l46W/607sovcU7ZO/q7OAlAXLbHnNbXNxtDidfxcfuqW3OO2dOezj91YTlrCI7RXpLpCUBVfwa2p9rkmbaXcLdYwtqA2lS4O8kDqW+8VQ9H3nb1etotGsNa23Rqy1EtFqPFUOx3nb0eKodjvO3qVmYoii1HiuHY7zt6PFcOx3nb0GXoii1HiuHY7zt6PFcOx3nb0GXokotT4rh2O87ejxXDsd529BlqJKLU+KodjvO3o8VQ7HedvQZWiRavxTD0fedvSeKYej7zt6DJkJCFrfFEPR9529HiiDo+87egyBSLXOyNARS5TzOcD/ADWfyvmXLJU2bKNos51B8UE8Q9BYHd5BBQshl7IOcFkq5svhbB9KzRxOeB1xFgdXqbeWLdnjlAEg2lwIJBBiiBBGkEXMCrbWU5YjmJdjQuN8c7f9ZPZRe4tP8H+X7TarQ9k8xkaIC4AsY2jr7BXktGolJrMEZYmdG9QhCq1CpM7/AJrL9hN+mVdqkzv+ay/YTfplIRPDn+Y3g9bT4R4PXwdvBeEeC+XwrL1zwoiO9cvadVVoPBskie08JNY2stMjYYQwcKLKzgG35WmO82JwnezlGjaRSU5JwwmT4Y3NlfKJHCOIOAjkbESTLHHi5zHYUeTo1BWnieBsRmc59HcEWNfaY7O5rXskdRxdG6+6rMKBtWkOwrQaS5az4cNBLFkwWcsJswtMeRZauY+OSC0WgtkaLrhgLQ1zWkHynCQcwVja2ZGM0rojZG/8+wMLHGIwcE2UGaWB1acE5jqPAwHBmuBCxNlyTFK1pYXvHBl0j2ysNx/ASSXDAWB7OWwtvVcCBgakURuS4zKLPSVz2mDhJBIwR3ZXxNJZGW1u1laA68a1BoAcI0W3T0bJ8lga60Oc7JkQ4KEQu4CwW2jjaCJCILOeVyC3TygKnUsTnA2Hw2cWZrGwid3Bhj2yMug4FrmkgtOkAHAGmpGU8kCKIzNc57HThsTqABzC15N4apGubdIr6wQTAsgxJ6knwiZZ5beGi5yUakt9P9j/AGVq2NUFlmuPDtQOPm1rVRsriMV5ufyzqyx+MNR8F0ty1lp+nA4DrILXD8A5dYXFcgWnwe0RS6A2QXv4TyX90ldqW3Zb7qzDtxcaBCELpahC8Lba2QsMkhLWtpUhpccSAKNaCSakCgCiwZcs7zGGyiszpWxtIc17nREiVpa4AtLSCCDShwQWKFT2fOixycHctMbhNwXBmpo/heFEQBpQFxhmFDjVlNNAiPOeyubfbI97bkb7zYJnMpI1joxeDKXnNkjIbp5QwQXCF4WG2MnYJInXmkuGgtIc1xa9rmkAtcHBwIIqCCEWy0cGA66XVcG4aauwb63Fo6q1OAJQe6FXnLEQFSSPVjiwYY/+7cDjzgJ1pyhwdC5huloOBrJUua0C7Smlw1oJyFAZlVjiQ0ON1rya0biy7UUJrXlDV58RRMdllgJBbJhX6BGhjX6DSnlAIarJCj2S2NlvXQ4XXFpvNoCQSDQ68Qf3RSEAhCEAs9nTmZY8pNPDxASUo2aOjJ283K+kOp1R1LQoRExry+Z89cx7Tkp1X/HQONGTMFGk7L2/Qd1aDqOkCV8FnzqT7sf1I19D2+xx2iN0MzGyRvaWua4VDgVxvJGa7sl5UmhqXRusrnwuOl0ZljwcdppwPoOFVfdrDHu9tomOGtQhCo3CpM7/AJrL9hN+mVdqkzv+ay/YTfplIRPDj1ltckJLopHxkihLHFpIqDQ00ioB9AXtFlW0NLi20TAvILyJXVeQKAuNcTTnUNC2cGqScoTFrWmaYtaKNaZXXWi6W4CtByS4eYka0DKMwaGCaa60gtbwrrjS01bRtaChxHMVGQidTzM67dvOu3r928bt6lL1NF6mFV7WTQfOoyk2TQVTJ6VL8JC0ObltDviXHEeR1jWPOP5eZZ5KxxBBBIINQRpBXJkpF66M622zq6EyJdRzRyhw9naCavjox3OaeSfSKekFckzdyu20C4+jZQNGgSdbevqWyyBbTZpA76JweOcc/nG/nXmYs09ny6X49/8Abux2jmHREJsbw4BzSCCKgjQQnL23Qi5TsDLTE6GSt11K0pXAgjSCNIGkLOQ5IsTBG7/kA1Y+LlmIfKPtF5jRRlC6pIpSl0UFRXWqC3JUYu0v8kANJkcS0BpaAKnAUJ8+FdAQZyz5sZNi0MeGsbHGQ5zix3AWe0RC8NoRyy1OFSGuGOJczN6xQgNPDMBhYyj2i85lnZCG/GXLw5MceAdiQcK1WjkybG43nAuNCOU5xwIII06KOKZLkiF7XNc1zg9rmuvSPLiHBgNHVqD8WyhGILajHFTqPXJthZZ4xFGCGhziKmp5Ti8468XHE4nWScV7TEgYFox+kaDQf70XovKdpIFA0443uahUDxvO2odPMTjr1+ZKZHE0rEQTShOJGsD96k10TuijNNGP7oncEcTcZXCnrxqfSUCOe6lb0VcadWr041Qx7q8p0Xo082CQRuOmNmAoP3qx/ZQ6IjRGw00E6erd+6EFa91PKirWpxNKUp/OicyV2kujI0GlQdFdehNdCan4tuimnCg0YegfsJwa4aI2jQRjhXWg9uFbtN9YRwjdoesc9P5qNwB1xs9GFdGka9f4cyLjjgY2YU5iNegev1oJJlaPpD1+pOBrox8yiujca/FtqBhU1x/f8k+K+MLrQK6jpQSFRZ0wNLWSEC81xYDrDXAFw9JYz2Veqnzo+Sb9oP6XIMyhCEAqTO/5rL9hN+mVdqkzv+ay/YTfplIRPDjtmLKnhA+lBS5Stbza6SPo3h5yFKL7LsWjTrezRTzaa/3UBC2cOqcw2a6LwnvXReu3S0O10BOI1+n1eFqdEacE2RuLq33B1RXkUprpp614IQ1C97IcSOpeCdG6hBUWjWNFZjWE9CELlYFa4gggkEGoINCDqIOpbHIWd+iO1eYSAYf9wP5j/KxqFjmwUyxpaFq2mvDvWbmXhGA1zg+J2LXNN4NrrFNLVs43hwBaQQRUEGoIXy9k3Ks1mNYnlori04sd52n+elbrNv4SuBwlYWjXdq+I9dPKYfNVZYe9weWfNX94/L3dmPtEcS7ShUmQ867JbAOCmZe2S4Xv3+Ku13VvW0aw6YmJ4CEIVkhCEIBCEIBCEIBCEIBCEIBCEIBU+dHyTftB/S5XCp86Pkm/aD+lyDMoQhAKoznhMkD2NFXOika3GlSWEDHzlW685YQ/yhWnWQg47xStfRt7Vm9HFK19G3tWb11/wNmz+J3pRYo9n8TvV90se4q4/wAUrX0be1ZvRxStfRt7Vm9diFhj2e8d6XwCPZ7x3qN0ncVcc4pWvo29qzejila+jb2rN67KMnx7PedvSjJ0Wz3nb1O6TuKuRQ5sWsChjb2jN6fxatXRt7Rm9dcGTYtnvO3pwyZFsd529ZzGqs9mp8uQ8WrV0be0ZvRxatXRt7Rm9dfGS4tjvO3pwyVDsd529RthH0tPlx7i1aujb2jN6OLVq6NvaM3rsQyVDsd529OGSYdjvO3ptg+lp8uNjNq1aeDFftG1H4rR5IyplqyANjlL2j6Mz45m+txvD0ELoYyRDsd929OGR4Njvu3pthMdnrHEyo7Dn7lFo+PsEEvXFaOB/B1/+avLPn2D8pYrQz+F8DwPXID+CXxLBsd929IcjQbHfdvVtGsVmPef2T488LOdLZmfxNaf6XFewzpsu24f/N25VJyPDsd929NOSIdjvO3ouueNNl6R3Zv3I402XpHdm/cqQ5Jh2O87ekOSodjvO3oLzjTZekd2b9yONNl6R3Zv3KhOS4tjvO3ppyZFsd529BoONNl6R3Zv3I402XpHdm/cs8cmxbPedvTTk6LZ7zt6DR8abL0juzfuRxpsvSO7N+5Zo5Pj2e87ekNgj2e8d6DTcabL0juzfuRxpsvSO7N+5Zc2GPZ7x3pDYo9n8TvQanjTZekd2b9yiZYypFaI28E4u5dcWluADhrCz/gTNn8TvXrGwNFBgEDkIQgE6NhcQ0aSQB5yaBNRDIWzQUOmdgPttQWPiSfYHtN3pRkWfYHtN3rWIQZUZGm2B7Td6UZHm2B7Td61KEGYGSJtge0N6UZJm2R7QWmQgzYyVLsj2hvThkuXZHtBaJCDPDJkuyPaCcMmy7I9oK/QgoRk6XZHtBO8XybPeCvEIKI2OUf+MnzFu9eErnM0xTf9YnP/AKarSIRGjEWrOOGHGVtpiA1yWOdg9ZYofHiwnRM7sZPdXQ1W5QyBZbR8tZoZDtGMX/Q8Yj1q8TT3iWdoyf2zH6fyxpz2sPTO7GX3U0562HpndjJ7qdlr4LYnVdZJXRHYkq9nod5Q9NVgcr5sWmyuuyRnqpjeHVz+iq3pix24mXFl7TmxeuI/H2/XVujnpYumd2MnupOOdi6V3Yye6uXOFMCKHmOBCRX+np8q/W5Pj7/N1A55WLpXdjJ7qQ542LpXdlJ7q5ghPp6fJ9bk+Pv83TTnhY+ld2UnuqK7PzJ/Tu7CX3VzxVWVIaOvDXp86iez1+VqdsvM6To6sc/Mn9O7sJfdTTn3YOnd2MvurB5u5nS2+Hho5Gs+PfCA6KZzbzY2PJe+Njmxto8cp1BgocObsr7K21hzLj5msu1+MDHPMbZSOj4QFlecKnd06t++ydHRzn1YOnd2Mvuppz5sHTO7GX3VkX/B7amzcA98TD4S2FriXcG+9HNIJAQPJ+Je06wcNS87JmFaXODJHCF3B2h5bwUssjRBLFG4BkTXF97hWuF0GoxUd3j6p7zL0bHjxYOmd2MvuqbknOKzWt5ZBIXuDbxBjezCoGlwGshc/hzKfJQMtMV98s0cTHw2iJ0roGh0gN6P4ogHRJdxXv8ABaf+TJ92P6kaWx10mYTXLfdETDpyEIXO6QmM+Wg+8M/ranpjPloPvDP62oOgoQhAIWWiz5s5hdMY52hrYXBpEZke2W+W3QH0JAZI4itaNNK6F6WzPWzROlYWyudEHuIa1vxrGWbwkviJcA9t3k9TiK0BBLQaVCzdlzzgmkbFFHM8ukcwGjGAFjLO54cHODmkG0saWkVDmPBGGMvN7OOK3XxGyRlxrHG+Y3Ah967jG5wDuQ6rTRwwqMQguUJslaG7StDS9orqrTUq+PKEmF6B4qATQOJaHFuBAaQSA7GhrVpwpigskKAy0SvY1wYIyX0LXNc913u3Th16l5RZSldT/jubW7Wt7Crw0jydIBJ9CGq0Qq2e3Ss0QOeKv0VGh4azRU4tJOj8F6wWuRz7joSwUcb1SRg5wGrSQAdP0telBNQhCAQhCAXjarKyVpZI0PadThX09R617IRExExpLm2dmZ4jBka3hYuf/wAkXnI0t6/XzrBW7IrmYx1e3m+mPRr9C+hSK4HEdegrnmdeQvBncJGPinnR0btnzc3q5l3Yc2/y25eH2zstuz/1MXp946fx98OUIWmynkoS8plGv/B3n6+tZuRhaSHAgg0IOkLeY0YYstckeBqj2+O8w9WPq/xVSEjhXBQ1idHlkXOWeysbFFHA+7aDNGZIuEkjlLWMvMxpXkN1FWUmXMqMuwujfcdGIGwugPBEtA8kdICL9a1risrZ33Htccbr2k+ggq+s2WYIZnSMEzxJaRK+/FG0sA4SgbHfcHn4w4kjAEUxKxtHw7qW8PGU6LL+VGucBG5121Otl3gS9sUkrZWuugHktdflN3nBPPXwyfl63lrIhD4U2KyGANlgdMOAmMcjWvocQRHHd6hQVUGDKEDXEPvSxksc5ngVnhZIWhwIDWO+KND8ow1xOBomTZRimY2OUSsa0REGMNeXOZZ4oXhzS4Ag8HUOrUVdga4Rp8Lbukp8WcdujaIo4xFE/wAIPAxxPZBM17eDmBZXlBtx3W03sVK+C75zJ92P6kar7PnCxt1vBO4JsU4ay9UwySPtBY5h1gNmaw18oN52tIsPgu+cyfdj+pGovHlnwTSfPHjq6chCFxu4JjPloPvDP62p6q84LU6CJ00dA+Nj5GVxAcxt5tfSAkDqSFXZvZZjt1njtMR5MjakVxY7Q5jusGo9CsUGcfZrNZi9zbHCBEbrS0C/VkDpGgNLcGhr5GihNLxwoSklstmjjuusULYxFJgWEMoYzEY23mClY2NbR10EFoF6ivXWOMkuMcZLhRxLAS4EBpBNMcAB5gk8Bi6KPAEDkNwBrUaNdT61IprRFZw4zeCRudwzqFl0TvfwsUErqADYi1km42tDgrLJDIbl+BjGNPIFwABzY3OY3Rq0+tSfBY6l3BsvGlTdF40IIqfOB6gvRjA3BoAFScBQVJJJ85JJ9KgJKeScaYHHmw0qIZxj8aRjqZgNVNHOpjxUEA0NNPMvIxv1PHpbU+v1II7pxTCV2jTwdSdJ0U5gU/hgMTKaYDBmFSMNWlezY36316g0Cun/AB6k0RSdJ3UEcTjTwxH/AE0VXpwoJ+UPK5LeSaAmg9P+V6mN+FHAc+Fa/wCf3ggxPw5QPnaDrP8AYj1IPBst7RK7QT5AFQObBe3hbNBOrZduTgx+2NJ+jq1JvBPwq8HnF0UKBRamEVqafwu6+rqKXwplK1w8x3Jpjk2xSuz++pK1j8OWPZ0oHQztf5J1V0U0r1UcRP6TD+EV9a926MdKBV4W6yNmjdG8Va4UPOOYjrBofQvdCROiJiJjSeHIrZZnQyOjf5THEHr5iOoih9Kp8sWESi83ywPaHMt18ItkuOjnA8oXHfxDFv4XvZCxLpV6tL76xL5LNitgzTWPbj8GVQp2VYaOvDQ7T5/871BJoodtbbo1Z9+k+cpqKoVHWEIQgFsfgu+dSfdj+pGsctj8F3zqT7sf1I1TJ6ZaYvXDpyEIXC9IKlzu+bS/YTfplXSpc7vm0v2E36ZU15RbiWEzBz0lyTKcDLBIRwsYONdF+OuAeB6HAUOoj6EyLliC2xCazStlYebS07Lm6Wu6ivlFT8jZZtFik4WzTPhdrunkvHM9pwcOohdeTFFvGOXDizTXwnh9XIXJs3PhkY6jLfCYz0tnBdGet0Z5TfQXeYLo2R84LJbRWzWmKbCpDXjhG/xMPKb6QuW1LV5dlb1txKzQhCquEIQgEIQgEIQgEIQgEIQgEIQgEIQgoM+bNwlil52UkHVdIvd28uROkXcMsxX7PM3agkHrYQuAmZd3ZZ8sw8X/ANOkd5W3WP8AH/XpazeaR6vOqS2vusceqnrwVk6RUeV5NDBz1P8Ab+63s5sEeOitQhCzdqwGSH7cQxIxfQmhONKaMK15sUjMlOdWj4jRjXYPNKOJA1YaMa6KhQKIoo8VtY6J0uTHMBLnxCgJpfqXAaaUC0fwXfOpPux/UjWOWx+C751J92P6kapk9Mr4vXDpyEIXE9EKFlSy8K25dvAhwcCaAgihH81NQgy3FKD6sz2v9kcUoPqzPa/2WpQrbp6q7K9GW4pQfVme1/sgZpwAgizMBBqCHUIPUby1KE3T1NteiHYZLVAKRyTAcz5jKB5g9xp6FK8Z27pXfl7k5KCqrGeMrd0rvy0vjK3dI78tegKUFB5eMbd0jvy0eMbd0jvy17VS1QePjG3dI78tHjC3dI78te9UtUEfxhbukd+Wjxhbukd+WpNUVQRvGFv6R35aPGFu6R35ak1RVBG8YW7pHflo8YW7pHflqTVJVBH8YW7pHflo8Y27pHflqRVJVBGfb7a4EGRxBBB+TxB0qi4ut6BvtDetKkqrRMxxKtqVt6o1Zri63oG+0N68ZM1IXGpszCf4v9lqiU0lN9uqIx0jiI/RlOKMH1Vntf7I4pQfVWe1/stUkTdPVOyvRluKUH1Zntf7I4pQfVme1/stShN09TZXoy3FKD6sz2v9la5HyJDZuVHC2N5BaSKklta009QVohRunqbY6BCEKFghCEAhCEAhCEAhCEC1SgpqVSH1S1TAlCgOqlTUqBapapqFIdVFU1CB1UlUlUFAtUlUiRQFqkqkSFApKRIhAIQhAIQhAIQhAIQhB//Z\" data-filename=\"baneer.jpg\" style=\"width: 267.986px;\"></p>', '2021-02-18 11:09:10'),
('PR-20210218111518', 'PT-20210218045123', 'Sablon', 7, '-', 1, '<p><img src=\"data:image/jpeg;base64,/9j/4AAQSkZJRgABAQAAAQABAAD/2wCEAAkGBxITEhUTExMVFhUXFxcXGBgWGBcXGBcXFhUWFhgVFxgYHSggGBolHRUVITEhJSkrLi4uFx8zODMtNygtLisBCgoKDg0OGxAQGy0lHyUtLS0tLS0vLS0tLS0tLS0tLS0tLS0tLS0tLS0tLS0tLS0tLS0tLS0tLS0tLS0tLS0tLf/AABEIAK4BIgMBIgACEQEDEQH/xAAbAAABBQEBAAAAAAAAAAAAAAAFAAIDBAYHAf/EAEcQAAIAAwUFBQQHBQYFBQAAAAECAAMRBAUSITEGQVFhcSIygZGhE0KxwQcUUmJy0fAjM0PS4RUWgpKislNUg8LxJERjc5P/xAAaAQADAQEBAQAAAAAAAAAAAAABAgMABAUG/8QAMREAAgIBAwICCQQCAwAAAAAAAAECEQMSITEEQRNRBRQiMmFxkaHBQoHR4QbwFWKx/9oADAMBAAIRAxEAPwCgllYjFQ047s+cSpKjT37fUuYhlSgAuIGoFOyoyH+apgKoVAGeueSqubzDwUcOcNZOiFJACl3YIi95joOQ4nlGVv7aUzAZUiqSt/2pnNjw5RPtyLSGQTaLLIqiL3V5Hi3OMrDIDHVhsPRCSANSaRr7p2UAX2k40pnQ/OCAyMqXUgQ50joL3EhGIEA+5SnhWMwbDim9sUqTXrA1ILQElrQg8CDEk6biYnjGlvO5ZaJiBzjMTUzjJ2CWwXu+0JhwsPGkV7XIT7UMs0sR7OQCLKTaolSu7B0xKaaQV2f2Xtdtr9XlYlU0LsQqA60xHU8hXUQV2a2MtNt7SgS5WY9o+hIyIRRm58hrnXKOy3PYEsdmlyVzEtQK0piYmrMQN5JJ8Y55zUeDpxw1HPtnNlJ1iSc0/CHfCqhWxZDMknx9ImAg/fdrx1G+AapHHOWp2d2OOlUKkQTUi0ITJWEKpgwyjDTZ4vOkRORDIBV+rRG0mLReK9qtKIKsaQTE93Xd7RwCaLvP63x0mwy0RAiZKBlSObXPbgzAqwIPDdGqs9uI0MZS3oWcO6D02YQcjHgtjb4opa6itIr2m9UXcaw1k9ISmW874FXlfWAHCc4AXjfZzjN2y3u5oT4Qtt8FY4/Mu3jejOc2Jiq1piGTZSczl1gtZrmJ1Xzy/rGSKuSitwTVjHqyTGklWFRkYjlge1wEDDWBaFeRAIWaJEsROgMbiVYZQ9xfj8Yx/wBINnqFC5CugyHpBVNiPNXCKsxZSd+ai8iwr5axirUmF2A0BNOm6LUu7WOgiK8ZJVhXgI6saitkzjzzlNW1RVhQoUVOY6hLl0bAq45pzCe6g+1MO4ctTBayWP2bYyfaTTQM53D7KD3VieRYllS/2fvZsxzZifeJ3mMZtXfs6zz1SUwoZYY1AarF3Gp5KPWJO5OinBq9rbp+s2ZgB217S9RujjrCmsamz7eWwZfsj1Rvk0DzeshyS9iksSSSVmT0JJ35TIaKaFbTAauQQQaEaGLj3rPcYWmuVOoJi+1qsn/IqP8Ar2j+eGG02TdYx/8AvP8A5ocWgps1bxkXLuyZS5Y384IbT2Yh1mAUDjMcG3wGsF7ypb1l2fA5FMQmu1F5K1c+caS1WqTMkzJYZjgFfaNozb6HfE2qdj8ozTzWIoTEdku4TGoTSkGLFZHmAezs8xueEgeZyizMuS2jNbKwPIp/NBRGpN7gCZKEpiDmBHRtmPo+kmWs21BmdgGEsMVCA5gMRmW4jIDTOOdXr7eWcM6S8uumIZHx0MdjsN/KZaNXvKD5isDJNxRbDjTe4ds9nSWioihVUAKo0AGggff1rCyiBrURSn30NawCvW8cZ1jlcjtjEgE2rViWYAdIrSolJhaKiAjxjHjMOMVp1qVdSI1BSPZxhllscya2CWpYnhu5k6Ac4ZY7RLd6MSB5Vjpmz86SsrCgVQPXmTvMUik2Jkk4rYB3dsOoFZznFwSlB/iIz8op359GNlmiqF1fiXZv9xpGvtN9yE1cQDte16iuARbaJytymcvtOytqu+aJg7UsHtAZVXflxppG4uKy+0GId3cePOAO1t+PORhoIL7JXosmxyQ5zwA+eY9KRHJJN2XxRlFOIetElUFN8Zi+LWqGh1iW9L/TMqamMdNd5r0FSSchrE274LwxtbssWu210ESXZdjvVqeekFrq2Yp2pxp90a+PCNEuBBRFAAiscfmRy9QltHcF2C6sOdMTcTu6cInmTFG+vT84vfVps1TgFdx/KKjXFaPsHzEbI3HaKIx9t3Jg5GOKKlqynA9IMm6pw/ht5QKvWzujAsrDqCI5qfcvaYcSflGN2ttdWA5wbnWjIU4RjL6mEvBhu6M1QVuGQHGcDdtbAEVHHEj5/KDmygqsN23spNnJ4EH9ecdWNU7OfI9mjnUKFCjpOU6xsNepnWUK2bS+xnvG416RndsrltM20Y5cl3UIq1UZZFiQBrvgBZtprUgCrNYKMgKKaDhmInbbK2/8Yjosv+SEUadjXtRQn2ObIYe1lOh1AdStRplUZwxVKnthlqCRVSK8NdxOVYkt15zp1GmszUqoLU6kZACJZyymVDjzAC0FK+IO6sOAqYhxiX6nMIqJb57wjU8MtIsSrvllmILsqjE1CBlUClaZZkbj04dDuz6QZEuUiTJUxcCqilWD5KABrhOghHJ1aRSMVdSdHN5VkmY1AluW+yFOIjkup8BF7aP6xK9kkwFFKK6ChU559oHMMDqDpHUbCbPb19vKYhwaA5q6laf0PjA/b+7frFnoBimyjiBGp3MB1GfhEvFeqmjofTR0XF2c5lbU21cxPmU5kHSnEHiIU7ai2TAUe0TCpBBzA/2gQLmyiMjxi811ES5jipwU8KkCL7HHuF9nrezpMWc4mSxhYrOOMDUVBbNTzUiNFZpkv2YAIlohCVLFgtSAtCczUkARzy02ovkVQGuqqFOfGmsFJc6ZLsiKGP7RppI+6uGWoz+8sw9YScFIpjyODtGltluCTWkqzOy0yIws9RWsuuT9MjllijyyW9JtaNmMiDkwPMHMRz6cTWu+ta8+MaS7Fa0ShMY/tEcpj95lwqy4jvYdoV3ildIlLEq2LYs8rpmqWa68xDZtqrxirZpbgULV8InMo0iWlnepRImxN+vjEbS4htpZBUNTxy8jEdgtzzFqVGtBSudN8BppWHXG6HTcoLXTeUxsS1OGmfnAyYOUSy0ZRQGldaa+caO7BkWwVmMBmxA6mKptIY0lgueWnmYHmXU6V5nODNmYSpbO2QUEnwizOWqBN7WA0VZsxULkUlr2mIJoSTlhHOPdpLQDMCpkqgLyyjOvaXZzNY1ZjWvy5AQRsSmY4GpJiU0dGFU7Zbum7Zk45ZKNSdP6xsbsuqXKzUVb7R16DhD7JZxLUKNB6neYtIYtCCRx587m6XA7DDGETAQPv20NKkTHUVYKQv4jkvqa+EVOazQWe/rHZ5IxzkB1ahqandQeXhAi3fSjYk7mNzyFPjHIJdxzmzIp1i2mzZ95o1LubUbK3fS65r7KQo5sxPoAIz8/ba02pwswIFP2QfmYrSLnkqe1UxeCyRTAoBic2qqh4c3YTVqgdIy97jtxphNASMxbs3jkxqpHZJ2i3dd4tL0i7eF6+1QodDlAhBEtNMopqYulAKZdcwEgA0qYUbZFFBluj2K+sEPV/iCbDsDaHUM8yVLxAGjElhXOhUaHlAu9NnmlTvZY8faVQVU54gDUCvOlI6R9arVyCd+QrA1rKsyeJxBABU0IoWIAFM60GXrF26OdICz5aXfNaSrfWrOQBaFYApib3QRkrqACCDUHfGplXXYTJLS5C0ZCQzEkiq1BHAwrLJsySzKwTMBJJDFHHaNTlhFYshJZUIhYAClPZigGg0c0AgWhkjn9lspWXaCDQiRiFPuuhPwMAHtbNk1Dz0MdCS4J5Dq6rLxSHl1ZlIxNplLxGmetI5vNXCSDuJB6g0jQdo00bLZS9BLkEVpWYx/0pGoua2mazYasAMzuqdB11jNbB3JJtEtmn4qB+wFalTQYq03d3fxjVXhs+iyz9WsyMwGRYMufHHUUpxibx+3Z0LqKxaCjtDs3LtIJXsTvtKMm/GPnrDbvur2aTUnsEWYBU1BOR3VNPOBRu61AUtF4SZfEGdib/KsRLYbDXt2udPYAkiTJauWpq+VOcVo5gy1hudVON2dqZVbfx7AjIX0uFZSHVZMuv4pgM4+s0wYkW278SrLss6aWZVBmzQgqxAGSA8RvgRtVPDTprDu42A/Cpov+kCCYz4lszYVUsx0VQST0AzMbyw2FLLIVHNHZi51xEFVpVNZZFStD9msR2WwmzyxKU4XIBmsO8zkVKYtQi1w00JBJ1hi2dREZ5FwdmDppbSZYa9QO6hPXKKj3jaJhotFHHh4mLKyhE/sRhIG8EeYiVnd4XxM69keacRYt+KvnSCNhlTF4fn+uMWrPIpuNfKkWhIG8k+kI25bBWKMd+42T2iKilMzFhpceSkA0FIlrDRjQMkrGyZArFbahz7NJY95s+i5/GnlBORSI7xsftVAFAymoJ06GGIbWY9ZRGR/r5Rq9lbsp+1I5L8zENmudmYY6Ab6GtY1EkCgA0EKlbtjZZJR0xHCPVeHYYrTp6Lqwrw1PkIrrUVbZwODfARlNGc2yvMIUlg598/AfOC1ltSnMnCozJOWUcp2gvMz7RMmV7JYhfwLkvoAfGL9I4dU2oPjk5c6lhpyXJokLsKjSIbQjgaxXsl8qsunKKk2+AY7PUd+difrSS43GTJrg51pFmznERSKP1wNlFyyzQlDHN1WHR7MS2DJq3YYtMsqkDJbrXOC+MTwApiSXs6NTHi+IsSrK6Z6Ter3eChJEuDVmeSBqIZMu6Ui5mM5bXo3Z9I2LL4j9k0mlya72sniIUYv2szgYUdOhia4hOz7a2qfMCIssV1PaOFRqaKQPThBxpxJJJqTHtqvNZ4UoJYArnLVVqa03AbgMuJMVgTWOts4icmIrRfEqR+99p2gcPs1D4gveqCRSgO/5RKpjPbcS+xKNN7DpXCfkYyCXbbt3KY9mVNbkWSWN24B+HGJtm0tNqxvY7DYpSqaGZMXMtrQMdWoQT2d4jDK1FIHvUr0FcvOnlHRtgrYn1MJUYkZ8QrSmJiwY8qECv3TwhqSWwWZm8tp7wV3lPOaWyMVZUCJQg0IBQCo51zgvsjdMq1o862zJ80VwomNsyACXLE13gAcjWsZraC1LNtM2YtCrNkeIVVXF0NIMbL7QLIRpcxWK1xKVoSKgAg1IyyGfOMzAO+rAJNomSlJKq3ZJpXCQGFaZVowB6R0H6NX9lZmaXQO7nE1BiotAq14DM0+8Yyxuibai9qJRVdjQE5mnZoABuw0zppBW7rntEiUxlWpErmwbDTTVdaN5ekYfQ6BtnsoN6P7NcQSZMmgAVzlq0ygA/wDkWgHSKVku8taUDg0Ql3B4S+1Q14kBf8UGdlrvUG0OWR6SwhxuUQma4rVxmDRGz4mGyrunSWmzJ6gPMIVe0XJWuNjiJJIJEvyMBukCMNU1E8nuSSSakmp5k74grDppiEmOaj2EyzKMWFMUkeJw8Cg2WKwqxDjjzHBoVssho9DRUaaBqYb9ZG6p/XOA5RjyxHb4CaPEqzYDtOfWoUfrjFSdbUGpLn0iXrC4irCunlI0RvFBvr0z/pCW+DwAH3oyxvQ7qL6mIWtNc8yeLH5QkpZpfAvj6WEX7W5r518rTtMacqCKaXorGkuU7twA/KBd2WeY3a9mSo1IXLzMaX680uUUCYXcAJQgdSQNwHGJvplP3rZSccWOkuX9u+/kVLns8y2WlZb1WWK46aKADqdK1pBe0fRTZa9mfNHUoflEV3WlpQEqUCWObHeTxJ3chui2l9zAaEZ+ke10eJ4IVF0fLekuuhnyezF0tkCbR9Ele5av8yfk0D7R9E1qHcnSW64l+RjWyr+ehy9YcNqiveVvj8I7Y5cnZnmvJBeZgm+ja3oa4Zbfhf8AmAh1u2StoSn1dyeRU/Axvpe2kreadRE/98pO9hCzU5SUmh4dVBJpM5VdVlttmbt2afT/AOtjTyEaVbyZhmrKeYI+MbZNqpB99fMROl9yW3qfKOfqOlhnlqnDcri67QtKkc/aQH7zxLZrvkg0BqY3rTbM+qoeoB+MRpddjJr7OWDyUD4Qi6eMVUVRb1u+TJi7k4Qo2X9nWf8ARP5wo3hMPrMTkuzK4JRXGjdsnsHEBULkTTXpxgwjRlNkW7Dj7wPmP6RpZLxOXJ0IuCAm2wIkyuy1MfeocPdbKulciacjBSfaQiM50UEnwFaRkrxtE+dJaY5OATVoM8IJVhluFPPOMjFCSlaD+vpHqSsRpqeABJOu4DlF3Z6dW1SsaIwLUIZFwkezK0K0oRprvz1MbGTtFaFtJlgy5EhQO6qywwoa0ZQBvUfnAcqLRg5cGFsvYmKWB7LCq6HsmpU100pEstjixDKhqOWcX9oJiPPmzA1cbVqegB9Yr2dVOilj6QbKLG7pBKY7NZZYUthVmUgHLEe2CB0ZvLpAtyd5JHCCGCa4ACkGpqDQCtKA5anXOIGsLVIJ3U1yrXM6aZHKBaKeG+4euu6UnXeyO+D2s0uGpkBLGEBhvFce8Z0jy2SzLCymcuyLRmYklmYl2NSTvamu6NLZbGqJJknREXF5Y3+LRjbVay7s595i3ma0iCySm5LsmJhilLUMmNFdnhMxOkMEhzCSywjyzsWp8IkSZEwngRTZFXvuBy/oIctvlKOypJ8AIk89+5FspHFJ8lr2xOin4Q2YSO8wX9ecUJ16OdCF/Dr5xVozdqhPPM58zArLL3nXyLxxR+YRa2SxoCx4nL+sRPeb7qL0H5xJd90PMzaqoNT01pX4wSu/Z9Zmak4a6/KB4eNc7nVDBLsqABZmz7Tc9Yv3bcU+caIhPE6AdT8o2Nku1Cvs1oJampIGbNSmuppxgvUSUUgEB6hSOyDh18BSHUvLgDhKq/V28vwArv8Ao5dnWr9kCsw0pQ7lXj13eMHZ2yEozZUoAEJ2pgXLCp7qYuLZnjQV3ioG+9vFkqZUkl33kMaDxBoTyEUdmtvTLR19i8x2bFUUNcgO0xz3RRbrg4ZRmpb5FqXC/L+JsdprbKsyUKqqooCIpBwgaA03nzMCNj7uNrU2mY64SWXAO8MPu/drl6RitpLTbLZMxzFCjcoICr+Z5xHdn1mRXBNKA5kKxoTxI0rDNP3vsSUIqLxbq+ZVz/R02bdc7CwlSwAd5ajHmTwge1wTwNCd+6leR1EY47SW5T2ZzHyi3I28ty95cXPDDKU/I5Z9FiulNfvf9hW1SZq5mVNU/gLDzWsDjbAD20KniB8VghZvpMOQmy2HQA+hgnZ9v7FMymUA+8h+QMHxZInL0auzT/dfkFy7RZZo7agHivzU5jwrEb3FKf8AdTFI4V06jOnlGj/tK6pu+z+imFM2fsE6hGu4pMII6EQy6iSIS9Hd3D7GNtOzzruP+HP/AG/lFVbvav7wjlv8RHSLNs8qDKZNYbsZDU8aV9YVpuBXFCwPJ1Df1EVj1Ml3OSfQY3yjnIS0LoW84lFutS729Y1ds2JDfu5uA8Myvkcx5wFtGxtuU1T2cwcnKnyP5xVdXLzOeXozH2Bv9vWj7RhQUF127/kQf+oP5oUH1x/An/xa82S3FsTMRT7RpKE0qJQZtK6lqZ58IPrsxJQVZmPNmCj0/OK9ouG8H/8Aej/CPZeHYFfWBE7Y+117WGZnrir49uhiWlvdHfrSdNj70skpWJl2qRh/4ZltO3AHtq2855jfGaveeJgKNuwgGhA1BNFJqNBTjXdSDj3PaEOcpsuVR/pgba7OcZrRSBXhmKcYSVrk6MdS2W5Su+xKWBEsEKMg1aGgpUgak5k5xeW6UJqSozOQUDMmusXQ4wqADUA6ZV88jrEE+cQc1w78+PhHPPJW56vT9NkyPTFL6pf2KxXJLrn8PhWCBsUtAKADqanlA76y5306ZQwg78/GvrEX1Hkenj9E9pyS+W5dIQDvZ+musQqExAnSorThXOmesQQ+h1oYTx59jrj6K6dLe3+/8Ggvm3jDNJNMWJc8qKQR4ZZRiza5IOvkCac4gv2cxIU7s/lA2VZnbNVJzpWm87uvKBDC2rlJnkvp1ilpjuw5MvaSoyq53UGEdCTn6QGtl6u5OeEcFy8zqYL2XY+0OCzDDlUChLHgKDSsErFsksoB56sTXJKZV5k974CDDDix78sqsOWbrZGNkSXYgKpJOnODMrZucSoJFTqBnhG8kxqQVU0oGmkGgFTRRuHBRvb+ginbb6WQKAGa7d4KasPIjDyB69X8STdI610mLHFubv7EEjZNSw7RwDUnVm3qOAEWrc8hXWRiVEUYpmgAUZgVO85ZePXNXntFan7MtTJXkRiNDlU/lABpDsasxJOZJJJJ8d8OsTfvM5snXwxtrFH8L77m5vy/rOEFM19xK9+mjMNycAdYB2za+ayLLlqEUDOmZY789wJ3CBEuxLwr1i0kunLpDrHFfE58nWZ8nHsr4b/cM3RtfbpYIlsiVFMRGdOQgbaTMmtimzmfloBXcBoPCIxEyrBUUhHklL3nb/3y/JEtlTctetTF+ysyd1KdKxWOW6nTKPS9d1eo+YoYIvyL3slfvzCh4MCB51pBFJNmXJiyndQ4weeQy8zAVJrAUBp4k+GGp9RClhefw/XlGsGiws3ss6BjzxAfFIagHKKqMNwHiT8qRKJx3U/yr+UDUP4SLiop3CHf2fKbVB5CKy2pvtt4f+Ynl21h/Eb1/OCpivCh3935B935fCIzsxK1BZeh/wDMXrPelO82Ic1z84km3hLPdLDwr5Zw2pMVY2nsVJd1zk/d2qcv+M/mIspabxTu2sn8SqfiDFmW6Uq7YeRpi/yipENNplE0Uuf8IPzhaiG5+Z4m0d5rr7F+qkH0pEqbbWte/ZEbmr0+RiVLLXQsPxLT5xWtK4TSoP63wdMROdqX0LP9/wB/+Sf/ADn+WFFCv6yhRtERdH/VfcNWbalN5y4wUsu0UttGB8YqsqP30lt+JQfiIge57K38ID8LMvoDT0jvWeHdHzL6POuJJ/b+TQy70U6xJ9ZlPkQDyI/OM0tySxmk2avUhh5EV9YkF3Th3Zyn8SlfgT8IOuD7g8PPHmN/JoONdNmb+Go/D2fhFC2bJSHzxOOjA/EGKn/q191W/C4/7qQ4XrOU9qU4FMzhYivUZQsscJ7bMpi6zPglqjqj9SvN2IPuTcua5+YMV22Smrwbofl5QYl7QLvMWkvoEihBiMujx+R6eL/I+rXMk/ml+KM2Ljdf4Z9PlE0u7zQ1GVM8t3PUiNVLt6neIlxy21pEn0MezO2P+TZXtOK/bb+Tmk66ZM+bhljuk4yuZJ+wNwA3mm/LODQmWWzYUJlq/dVK558BmRzJzPkI0ky4rK1f2SCuuEYa00rTXU+cUX2Nsx7ow9KfMGFfSSXctH05hk7cWvuZy2bQTUzkSqvnnMYIo6BCxI6kQEtF52xpbe0nKrMTX2SKCF3KCcgOQA41JzjV3jsM5H7KeF/ElfUMPhGSvLYK3royTByZlPkwp6wV08jT9KdM3ab/APPwZr6thYvjmFjqSxqepEKTJA7qip5QQawWmUMMyS48MXqtYptMAOeXXKFcZLZoMMuOSuLR6EJ1j0SuUOXPSHFTSkKM1YwKP/Ij0/rQwsBh2GMFRIiBwhKOES+zhySyDGs2kaFAOefGJJsk6jTgI99hnEiIRoYzZlFvcrrLiVZUWVFdQIeJQgDWlyQqsOh5QwsB4QNx7RGDHoeJPZGPRKjGv4ngaHq4jz2cL2Yg0DWkPDxobLaECjAKDpQnmeMA5AAGgrHr2w7hBWxOb17ItW+2uXIxGnAZbuWsVkaK+I6xKjQCsUkqLAJhQ0NCjBslkX3aEABVXplU1BPiMvSPW22RGKzJTgj7JVvjSMd/aUwEUNIjtE5ZhxOufEEiOrSj5rxGdEs22Nkb+IVP3lYeoqILWW9ZMzuTUbowr5Rx9pK7mYfiAPwiGZKPI9PyMDSN4h3NZ5iRLUY4VZ7ytEruTZi8gzU8iaQWsu2ttTV1f8aD/tpG0sbUdiaeG7wDDmAfjERskg/w1HTs/wC2kc5s30isP3khTzRyPQg/GCtk+kCyt3xMl9VxD/ST8I3tLgDjCXKNe12yzozjxB+I+ceCwOtaTa8KinqCYE2baayP3bRLqdzHCfJqQUl2gHMEEcjWCss0SfS4pdiQfWBuDdGHzpDheE1e8jDnhNPMZQhPMSLaYdZ33RN9FHs2OlX4p1MTG9FMQGard4A9aGG/V5X2QOlR8IZZo+RN9JkXEiwXR9QDFefdkhu8gPgI8awJudh4gwxrDM91weoI+FYossGSlgzR7A+0bHWZs1UL0y+ED5+w491yPX4weCWhdVB/CR86R59ecd5WHgYzjCXkPHquoxd2jJztipvuzB4r8wYpTNlrSu5W6H843sq9F3mLS2tDwhXgh5Foelc6/Un80cxe6Z696U/gK/CGCVTUU65R1KqmGPZ1OoB8Im+lj2Z2Q9MyXvRX7M5g0sQzDHRp9zSW1lr4ZfCB83ZmSdCy+NfjE30suzOiPpfC/eTRilHWHgDiI08zZT7MzzEVn2cnDTCYk8E12OyHpDp5cT+uwCw8/WGlTx9YKTrsmpqh8M/hEGDiKdYm4tcnTGUZ+60ymqx6a8YtlIY0qBYdKKvjWPMfARM0uG4DGs2lESuYkRYesuJVSNYUq4GBIcBDqR4xgoIoUMxwoNAsyTiPDQCph7DTpFe1js9DHWfLVbHI4bSPaRSkNRhF+MFqhhERTJYoTSJ4jn90xgopGPIcIbGKCiSTOZM0ZlP3SV+ERwoxgzZNqbZL0nsRwajepFfWC9l+kK0Dvy5b9KqfnGRhQKRrZ0ay/SJJP7yU681ow+IPpBiy7X2N9JwX8YK/7o5DCgaUNqZ3ez2xHFUdWH3SD8IsrOMcARiDUEg8RkfMQSsu0Nrl92e9OBOIf6qwNJtR3EWkw9LTHIrLt/al7wluOYKnzH5QZsv0jof3kll5qQw9aQNLDqR0ZnRtQD1AMRNYpR3U6EiMvZdtLE/8XAfvgr66QYst4ynzSYrdGBjJyQHCEuUi4btHuuw60MMNknL3ZinrUQ5Zp4w8TzDrNLzIy6TE+30KzNaF1TF0IMQ/2ma5qR4GCQtEe+1Bh1nfdEZdCv0yYPW8U4xYl2oH3omeVLOqqfARA92yToCvQkQ6zx7ok+jyLhp/Ymx84Y0tDqoPhFU3UR3JjDrmIgeyWge8rekPrg+5N488P0/Qtm6pDe6B0yirbNnJQUsGIHXL1hG3TEqZksgcRpAm97+L4ZaZE9ongoyA8T8Ilk0Vwjt6XLmb3bVf73BiysbFZYZgPeoQp6E6wnsjjVTF+VaJoUFqHwi+L3kJKZpgPtANB/WOVwV7Hqx6ya53AMuQxNAI9tElkJBEUf790P7seNTD226WmaKT0MbwxvXn5E0NKMdAYoTttuEpB5/lA+ftdPbTCvQRvCYX13wD/sH+yYUZ4bUT+PoIUN4YnrsvIo1yEIGKotESpMip5TVHn1cA1HgNfWJI9IhpjG5PYitJ7Jh5MRWk9nxjDrkqiPI9EeRhxQoUKMY9Bj2Gx6DGMewoUKMYUKFCjGFHlI9hRjDY9U0zGR5ZR7HlIxghZb9tMvuT5g5FsQ8mrBiy7eWte9gccxQ+YPyjL0jyBSNZ0Ky/SMv8SSRzUg/GkGLLttY398qfvAj10jksKA4oOpncbNesmZ3Jit0IMWxO4GOCKxGYy6Res19WiX3Zzjqa/GBoG1HcFnGHifHI7Jtval72F+oofSDVg+kEEgPKNfukH40hdLNqRsdqJ/8A6WZTfQeojDWK0oCxZhjNAOQEamfbEtUiYgDLiU0JpkdQcjHPbRd7CWWxAspGfHdAcktmNFXbN5ZZyuAKgHLfFe9LAHDPlkKVjC2S1sN5jQWS0s0pkqaGCzACRYQ2W93wjlxifaq65VnKInew1bOKLWkqMq1R61ht62r2jBzWpGdeUOrsRg+DVhu5WAxb9YC0grYrfkARpwjSvsaNdydrhNTRsoUWDfafYP68YUD2h6if/9k=\" data-filename=\"sab.jpg\" style=\"width: 290px;\"><br></p>', '2021-02-18 11:15:18'),
('PR-20210218111719', 'PT-20210218045123', 'Piala', 8, '-', 1, '<p><img src=\"data:image/jpeg;base64,/9j/4AAQSkZJRgABAQAAAQABAAD/2wCEAAkGBxITEhUTEhAVEhUVFg8VFRUVDxAVFRUVGBUWFxUVFRUYHSggGBolHRUVITEhJSkrLi4uFx8zODMtNygtLisBCgoKDg0OFxAPGC0fHx0wKy0tLS4rLSsrLS03LSs1Ky0yKy0tLS0tLS0rNzItLS0rNy0tLS0tLS0rKystLSstK//AABEIAL4BCgMBIgACEQEDEQH/xAAaAAEBAAMBAQAAAAAAAAAAAAABAAIDBQQG/8QARBAAAgECBAEKAgcEBwkAAAAAAAECAxEEEiExQQUGE1FhcYGRofAisTJCUnKSwdEjYrLxBxRDU2OC4RUkMzRUk6Kz0v/EABgBAQEBAQEAAAAAAAAAAAAAAAABAgQD/8QAHREBAQADAAMBAQAAAAAAAAAAAAECETESIUEDE//aAAwDAQACEQMRAD8A+MSJlctjtcp2CwomBMkGxbgTQthcVG2oFFdYNC3cLgNwRWLcCYs69TkCawkMVGcZwk8so2alCWZx7mrx303WhyXBrdEl2umKJiw2KhTBIrFcCYrQVoY7gVhYXK1gFBYtyuAyBCiYA0NwuVgJEy3Mr2AmYpFYrgTCw7FmAWgWpImBNiSACQ2J9hshH8vW1vDX5kVKC00v79rsNbepst26e7v1NbAHoKQImVFcnoIID7bmlLpuT8XQerh+1ivDMkv81N/iPmGztf0c4vJjMj+jVhOFuF18a9IyXiczH4fo6k6f2Jzj5NpGJ6tjd5HjnSRpdI9Bja+xpl58r7jNwS4ePV3+p6acL9m+r9b9WyNU6fv5ImzTz7gzOUOoxt1mkVgRCwB6DYkDAkxZMEApDFAl799xtt787fIisWrdnb5+7GtGcl1swYFcWiBFRLUcoMAMrgtBsG4FYUF7GSXEDKCt6fl+voZJX17+C92MM/uwTmRTOoYWGxFQPUbhsVgKxPUrlsB6uSsX0NanU+xOEn3JrMvK6PpOfmFyYuUltUjTqLyyv1i34nyNrn2fOKfS4LB4jdqMqM3+9HT5wl5mMuytTlfMPUUrad4PQ24d7yey9WUZVPhVuLs5Oyv3eZ5JzuNSo2zBoA2OnzZoKpi6EWrrpabafFReZpruRzowu9dEtbnZ5oaYlT4U6eJqfhpT/VEvCdcXFzTnPKkk5TsktEnJ2S7DSlYorQr3Nsp6jcNhsAWG1wuZ3sBknb021Hb16jBTMXK5FUncFoNisVBYbhcrAS0HMG45QBExbBAZRXWYtlLUbgTJAiYExJMEgGwMWSYECKxMCZ9fyJLpeTMTS3dGcK0eyL3/AIZ+Z8inY+m/o+qr+syoy+jiKVWm+12zL0UvMznxrHrhwi5NJatm/HNRtCOy37WbMK1TlPN9OCkkv3k8r9954nLi+IGJihaNlCtld7XdnbsdtH4BDW+H4fxd/V4HU5vq0MXPqwtaPjUlCC+bOMu07GB0wWLl9p4Omv8AuOb9IolWOCLK4I2yUDJimAvTv+RiiSJgTEkwsBIWTJAVgRMWwBhcUNwCxbkmTAQsKJsA3LYWCArFcjK1u8Aat72CxLUmwK5bDYEBbns5JxnQ16VXhCpBv7t/iXlc8bEivoeeWF6PGVktpSVRf50pP1bOJufRc55dLRweI3z0XSm/36Ts79rbl5HzsjOPFvQ2FhsCNIVqder8PJ/38UvKFG/zmcrbY6nKmmDwkftSxlR/jjBfwsl+K4divcrizTI2FIEVwFhsOxWALFcmxsAbClckrlJ8EBN8AsNgTAtyykyzALBFYnqBMQuVgJClcUrmyKtpb07r+OjIqW3Vb8majY4rdmu4AxQLQrFRCyuC0AUBPUbgfSYOXS8mVYbvD16dRdkKiyv1zM4KO3zK+KpWw72xFCtBffSzQfpI4kVcx9rXyJR9+X6myT96+nV3Fbhb32PxCSSKMEdPnK7RwkOEcLTl41J1Jv5o5jOnzudsS4f3dPDU/wANGF/VsfT44wIrFe5plMUC0KwEiY3BaAKMoR493+neUYX18u/hf0Ni14Pjrt1/6EVhN/y1+fVqYIymkjB6gQsrhYqJDcHqWUCuT0FggKwoGZbd4GaVvT8r39RXaarlJkVSkViRIqBalcmKArAtSFgD0GxIAPdyHi+ixFKre2SpBv7t/i/8Wz284MK6WJrQtoqk2urLL4o28JR2ONI7/OSWdYav/e0IZn/iU24VPlExetTjkaL09Ngtpd8fdypwu3fZatlOV3cozw1LNOMftShHzaX5no5z1M+LxEv8WpFd0XlXyN/NulmxVBcOlpP8MlJ/I5OLq5pzn9qU5fibf5idPjVcrWEEaZS1K5MUBWGMbmMTJu2wVm/dym7d5hGRiQV7k9BZWKisFyFgD0LMSGwAkT1K5bAZLTvMbFa5XAmS0LYtwKw3C5WAQaLcrgNwWhWLcCauZXtpxMdisBJHdT6Tk/tw9fyp1o//AHA4V7nZ5uSusRRf9rQqOK66lH9rG3hGZnLix4elWRRS4tyfX1Lusa0jiYrli/8Aw/xNfJfqacPyrUi9XnXU7ejRj+mO2/CvuebErV8/CnTxNR/5aM7etjgpWR0+beNhKnipxf0cNUi0906k6dNfxM5drm8bv3Gb6VhYXK1jTKWhZbluVwMm+CMVoVi3AmhuFysBIQ3LYBYJFYrgT1LKWxZgFoESRMBbKxIgBExZICSCOo5GLfUASdtiSBE0BXJjcEAomwY0uQa+Nn0NCcIyVOpUyznkVRxcEqcZfatKTSenwvvM5XU2sm7pzMbyvCOkPjl1/VXjx8Dz83+WZU8bh69SWkKsM1/oqnJ5amnD4ZSOdyhg6lGbp1qcqVSO8ZRs+9da7VoWBqwjK845l1HNlncnRMZHt5WwPQV61H+6q1aa7oyai/FJPxPKfTYrnXQqSc6lDNNqOaVl8TUVHM+1pIP9vYb/AKb0Rhp5OTvh5Px0r2zS5OpJ349LOq//AFo5+E5alHSfxR6/rePWdnF86KEqDoRoWi6kajdt3GLjH+KXmfJTau3stTWOVnEsl6+voVozWaLT/LvXAzRwcNyViYKFV05U4ycLZk4uUW9WovXLbi9Dvs6cMvKPDLHQYokDRtggxuSAkguTQ9gEyiusVG2/v3YJagDkLRXBICQ2BhYBuWw2BagVrlcmxsAbGcY31994Qjff+ZsT6vdrfovMijN36dXvTSxrfWbZO3eaUwLcrk9BSKgsW5XJ6AWx5OUcb0UVK1238OtrPe9z1rU9fJfKP9Xqqrkp1FFTjKNWN4ShOOWcZLqaZMt69LNb9uRDnc60ejx9JYqn9WW1an9yfHxd+00VebTqRdXBT/rMFvBK1aH3ofW8FfsOjj+TMBjJN4GosNVd/wDd6kn0cnu+hm/l6JHApU8Rhat/joVY3trZ+a0cfNHG6XjhC26s02ndap9TT2e5lOpx4rTs8+KO7yvy8sXC9WjFV0klWhHL0itoqkdm7PfXwNPNvF4GEqk8bSqVlCKdKjB2jVqOWqqS4RS1317dgPDyTyLXxLfRw+FXzVJfDTj13l19iuzrYbG4PBa0oRxuIW1Sa/YU31xj9d9vqjw8u85a2JWR5aNFaQoUllpxS2Tt9Lx07EPInNupXXSSnHD0FrKtV0jb91aZvRdoGdbnTXqzc8RPpL8bKOVdUUtLdh1rWNNdcm26HDKU9s1arpKq93kX1Y9mj08TcmdH5b08f01tblcnoNj1eYsW5JkApmcY29+epRirXfdfq4eZlH9fz8v9CKxlLv19+Zr2M6kuowWpRWK5XFoINhzAtRygCJjcFoAooha5k3wAz/Velv08CzW7e81E9SKmLK5JFQImT1FMCBFYnqBMafJ1PETp0qtboKcpPPVy5snwSytx4rPkv2X23BaCoks3NLLpy+cXNKvhNZ5atJ6wr0nnpSjwb+z4+DZt5P5xWSpYqmsTRd9JP9pHthU3vr423R28FynUpXUJfC94SV4S67r9Dx4rm/QxLvRlHDVX9ST/AGUn1Rf1Pehz5fnY9sc5Xh5b5JodG62CxCrU9c9ObtXo9kl9Zb69nHc5XN7kOvjayo4aCnOzk7yjGMYJpSnJvZK67dTXyryVXws8lenKlJ3tfaS4uElpJdx5MPVlDNklKGeLhPLKSzQbTcJW3i2lp2Hm9H1WIpYHAu2aOPxK3t/y1KS/jfnt9U+f5T5UrYiV6s3LX4YrSMfux9s9vI3NuviVnjFU6S+lVn8NNJb5ftPsWnaj6Tk2nQwjvQiqtVf21SN8r66cOHf8zUxt4zbJ18/PmniY0ulqx6FSX7OE9Kk+p5fqrv17DqwVklxsrm/FYudSTlUm5yfFu/gupdiNKR0YYeLxyy2UDJ6jc2wmZQRio8SbvsFbOO/Vtp/IJz4IwTCxBImNyKiBFYWwBhqK0HMAWLckyYC3bQLCkFwLcthZIAsVybFoCbCwx1BsCuWw2BAKVycuAMbAFrFuSJgerFcoVKlHoKj6SH1VNZnB8HF7o4/NjAxoYhVcVQp4mnBTtScnllOzUHJW1inrZ9R70gTMXDGtzOx7+VeWKuIlebSS+jCCywiuCjH9TwtgxSNSaZFivcriyoNhSJAAuVw2FoEBWK5NjYA2FAiYC2FhsCYFuOUGFwP/2Q==\" data-filename=\"pia.jpg\" style=\"width: 265.99px;\"><br></p>', '2021-02-18 11:17:19'),
('PR-20210218111842', 'PT-20210218045123', 'Cetak Foto', 7, '-', 1, '<p><img src=\"data:image/jpeg;base64,/9j/4AAQSkZJRgABAQAAAQABAAD/2wCEAAkGBxITEhUTExMVFhUVGBoXGBgYGCAeGhgYFhYeGx0dHhoeHiggGxslHhobITEhJSkrLi8vGB8zODMsNygtLisBCgoKDg0OGxAQGy8mICUtLS0tKy0tLS0tLy0tLS0tLS0tLS0tLS0tLS0tLS0tLS0tLS0tLS0tLS0tLS0tLS0tLf/AABEIAMUBAAMBIgACEQEDEQH/xAAcAAABBQEBAQAAAAAAAAAAAAAGAgMEBQcAAQj/xABIEAACAgAEAwUEBwUFBgYDAQABAgMRAAQSIQUxQQYTIlFhMnGBkQcUI0KhscFSYnKC0RUzkqLwJFOywuHxFkNzg6PSY5PiF//EABkBAAMBAQEAAAAAAAAAAAAAAAECAwAEBf/EACsRAAICAQMDBAEDBQAAAAAAAAABAhEhAxIxBBNRIkFhcTKx0fAUQoGRof/aAAwDAQACEQMRAD8A2kYWMNNdGufTGfZ/tdmSqlAiXd0uogg+ZP6YaUlHkCi2aG8wG2PDMMAkuZllggZ21ElyzEdAwA2A9D+OLXh8Bbr8v9b4aKTVhoIzIPPC1xmvGcpmoOKZUpPN9XnkW071ioZN3XSTQUgA/FsaCGAoVgrIGSPrCjrhJzqftD5j+uMV7V5ZmnzAUbGaTUep8Z29BiCnDkXRIFGlTvtfM9RfMGxfoMcnf5wdk+kqmnz5x/g3STikQKgug1HStsN2q9I33b0549GfQkrqGofd1C/PlzxmGU4OAcqq0R/aXemq+7l1PT3XiY2Vm+vTZ12jWOETsIr8TLHEyBiPI1fPFVO0n5Oft80Hz8WhFXIgvYW4G/xx7HxGJvZdW9zA/kcY6/bKfMZWaOTLr3UihO8hUqyFuQIJOoWKNV7WI39n5YxiOPK2CPESni5dDy6HcmrFYnLqNvCsrDp93vRuiMDywvAT2V4lHFHkstIx714aS+ujVzPuTbBQ2YAYLvbXR6WBde+r+RxdSTVnO4tOideOsYF5ONyXsFA6cz+uIvarticn9XVYe+eZ+6rXop9MZH3Wu+8GOfQ6vT1m1D2KamjKCVhZPnI0Kh2VSxpbYDUfIXzPoMOiUeeMv+lHME5/hcXQTiQ//vjVT+DYMOFvOrTCeVHUOe7pdLaANVEXTUCoseRO2OlEi3GcUkixY6Xv8sLLjzxhnEu0TK5cv45Cx0Ebp4jQs3R3I9/piXF2vmFd1NIL3bVTKvQDSTy5E0AdvhiXerlHf/Q3+Ms+DaBhwYDMj2xQzZTLOjGTNRd6rLWgD7Q77g8ozuB1GCOXPxo6I7hWcgKD94noDVX6Ytaas4JJp0WJx5ig4h2kigrvpFjDEhdTVdem/mN/XEqDjUbKGDWrCwRRBB6gjmMBSTNTLN8N4g57jUMRQSOFMl6LB3qr6be0PniapwwPk44ThRx5gmPVwrHgx7jGFDHpx4Mc2MYcXGazZJVaZX8I1sqsb02HPX4Y0oYB+JQxSZmZHsmEmWjq0gMAxur57CufOsQ1XWSmnkpO0ubly6ZdEl0AREnTRtmdiDv05YY4P2vkhbU7NIhu1CKLBXY6uhvpyxH7fSRfWgLrRFGoW9wCpNV7m88C+UnRZV1aygBLD9o7VYJroPlibk1wOkmjVOG9rIc5LHF3Tq4YuhIBA0Rsbu7BokbXzwQQ8XhbMNl7HeJzF8gFDWRz5EcrwNdl+CZeOZZYwoYhuRNEEAGhZFbjlibk8sPrualA8ReKG/4tLN/lUfPFlJ1ZNpXQBdop3+tT+QkehXteM9emKRUkRbTbbSwB2cH9a+O5+JBnYQ005Y2O8faz1c+oxC4tkxp1Lyrl0o8jz3x50nU6PZgk9JOQWdg8ygyuuRTcUszr/wC3l47PlyJF4q5+08OZg4gY4yjrlcwd99nAXny3JG2H8pl3i4VmCRTd1miB1t0hQcuR9MBPZWNnynE+7Us3cwppUFj45xew35IcdsfxR5upKpySLXgDAZG+8IVV1HQNwVNnUf8AXLFrl53MffSELGEEmphsqvvseps8huSRyvAPwHhMmYzsccqMO8bU4K6bCjUdqHOvxxbduOPxTSdzAw7iLYEEU7KKsfujcD4nrjmegrtl11DSwgt47xaILlZBGFkWKGZJH0qQoZnCbGgSL1dPFzNYI+N8fkE+Xjy8YcSaZdZBoR7G1NgWVb/MPPFP2j7KxZjKgrYmjy8cA3pdSwq63tdb1/2xUcJeZ+H5SVU1vle8yzpezR7Eb+dBeV7pWOiTpOjngtzTYVcSIjdgTQDFR72al+ZofHFbxRVzGfyV1ojzWckYnoMroUfDVGuJ505mXLOVNS9xPpPMFaej6hl392POyPD0nSOdhaMmcBBsX9azYY+vKMj444ug0lB6n3/P1KdTK1H6BXtbxFZONZZWoMhyq737TOJK2sffrB7NxMaJnU0AaLHzMgXqPJW5jFJxTK5g5sNR0d/HQZFoKsq7qStjwjmDi07K5FXglNf3k0h8RvZXIA916vmcejCW6yDSVWYv2kjV84+k2pCEbb0Y1NH13v431xacOygVFpfEPERe4uutgjeuYPMfEjbstJFmZGeMSKqMwVQQLd6UeWlQEFWdozt0L2Qy8Zmij+/IRsRpKoW3XzN7ne9hfLEnF2dmhNKTkOy5ApxjhihaEOTQN+74MwPzwV8SjD5yNqIEIaTVWxAjNA+RBN7+RxA4jKo43BYNyZbSPLwvMT7uR+eHs3xE1nSB7AKqfO20fhX44o3SOJrc/sAuOwyzZlVneN9ClkRb9ljVlPaHL3bc8EnZ+BVbwadAZlpTYU6dwP2Tdkj1wOcReJoQZqP2nhJNFa8TaTz3Aqh54n9nHiAknj8Ijloguakj7qyx33ZbsOdyFIvlUdP1OyupGo0GOY7QKmdy+VEesyQGQvfsABzyre+7PUdML7O9pfrUKyogJYpa3WnUwDk7H2bJ9a6XgU4oXHFp2/3XDWKjz8FD/O7fLEXst9ZXL5xlYB+5KpuN2JZU3GwcJGdv4L5YvudkUlRqiv1w2+fjBCl1DHYAsAST0AJsnGUdrIs22ZZkzMiRyLG6qOgaJbH+Kz8cEnY3i+VlhDTNEMxl0KysSASiGu8vqpFX5E15YPczQu0OIMwr3pINEg0b3HMe/wBMPYq+CTRSBpIXV0dibXldAEfh+OLQYonYrFDHpwkYUcEwoYrn4MheV7IMpQtQH/lrpA3B2xY3hjMZbWfbcDyU1+I3/HCSimqYU6GM13I/vNH8wH64g/2fkJT/AHWVc/wIT+V4m5nJxRqZCoOkWS3iO2/M7nEfI52KUHu68PPwkc/eMNT8GHMpwqCNrjjRGIq1FHTYJHu2HyxNhj0ljXtNZ9dgB+AGGBht55+gir11f1wHgxJZ4hzA/wAB/pjhPH0H+Q/0xHjec7N3QNXsrEen3x6/LCjDIeUgU9dKn8mYj8MCgjz5lAL8Qr91uvwwyOIR87JP8Jv8ReGjBKoJfMv8EQf8hxVZftFlXfuhnX12RRj07jpZiAHLGv2NRctxiEHSXIPkVa/lWPJJcu3tBD/Gn/2GOgMQu5A5NbsV6chsBhzuNVkSSDcir6g11B6jByDBAj4cCZ5EYnva8O2m4xSkfAVil7Pdl5oY80rV9o+qJdV0qm1valO7DmdiPLBSlj7zH31+gw53xxOUYvkeM5RwisyPBCGieRvFEHWl5EMWon1AY4scnlY4I1jjUhFBoCzVm/zOIufzY0p9poVmrUK38LHYkEdMeyJJoAhlGw5sA13vufLDRSSwCTbeSesvvH+vTEVI+7GlI/AOQB33NnY7cyeuIapnv95Cf5D/AFxzZIAXKV1m7Kqa+V4Ngol/W0+9a/xCh8/Z+RwweE5cyxz92utD4WG3MFenPZsNx5aCMKDI2421SsNVbHbUPT54diycJ3Qn10uT7r8WNybjgr81wB24hDmhoKRRlTbHWCe8sgBaI+0HMjrjzh/DJZBOJho1OpWgvJSzXtz5jmemLVzKtBArqByYtqP82/4jDS56T72XlX1VlI/4h+WA4IO5tFPnOyRY7NGwAIGpOpO5vf0+WI+R7MyBO7mRSrJoYqeh5gHZq54IvrJ6Mw9HiNfNaH449Gblv+7Vx5o//KR+uF7cU7Qd8qoFu0vDS7ZicjSZMq2Xsb+E5rb5qwxUrkI8vBBAoNtqlb3uvdqSeg06vng/nyPewiN/DdXpN+yQeo88APbTsjnJZWngKv4QFUMUdQq0ACTpPU8+uHjFbrlwI8qkRu0ucWXLQzhzXdujEV4u4dkYCzzJAo4G14hAsAZJAAqgaQqghgNg12SSwW+nM4kZ3JTpwtFmVleLMurB9m0zLrB8/aQ/PASzBmIVLbyFn8sQ1IbmVhPamaf9EvGhLnMyoFB4kejzLIxDGvdIo/lGNYGML+i7h+Zj4hFKcvMqMHjcmNgoVkJBsiq1KgxugxbTVRonOVuz0YUcJGFHFBT0YUMNjC8BmIPHj9iwHXb54GV4vBkY075gveFmOxuhtt8r+eJ/bfjq5ZYtSM/ePppedDc8/gPjgN+kPNAiVTCzCFQiNrI8ZFUFU+I6n00eeBLUUYV8jRi2y9zn0gZVVJiPeELqrkNiBVkc9+nlip412g+tZLMOW0R97CqDSCw8JYg70SaB57YA+zfZmV5JgzBDCQh2JBY8wCCDtVX64Mk4Roy+XgIBM2ds0xYEBAo5gEAagK35Xe+I723VlNqWaDuFhDBBEEYKyeM3/dqE1MS1c+dct8B2a4q/jmPNiSDE5VhvdWNiABVb8jti57XcW0LOXVgvhgT94adchANeE2iXvjLos+QCGkcAeyo3G5s7Hbp8zhNSO5/Rk6DPP9o8w2RDmR+8GZ7vdQGA7liVNVq2YdAfzxD+rrIdTLCpfxeIjkz6va5bDw4Xw7h3e8OVmlCgZlnZmBraJEAJHKvjidwfs1l1KytKGUjSNAtdfQhj6+e3n5YVzjuUW8jRi8jfDeyUqvCzAECRdW9HmKNV51sPLB9k8wqqWZlAZ33JG5Mh2vFdkM9ADHCsyu4kC1Y1ag2/hskVvseWKXhsboY7ltH1zLqPiB1U4H7niSvWx64speB3BMicY4rPM+YSPvI2hmMaFZNiUNgsCRsb3G/TnQxFg4rm5XETCpIEDyiN7aZSBpIAo+Gza3zYdOVJ2gz7QcWnIcxqZV11y0kLZogi6JN154X2lyOY4ZnFzKOXVvEHb7xI8aNXSrr0I8sScW217GjqJRT9w6zfFAuUjlDFtMiE6WrZtQ577eh92JGR46s8E2q1EYUsxI5E3z2Fbczis49mVGUzDRxvGy9xJqIAV9bA7b9NRBsDfzwPZ/iBm4dmpBYBlhUKTe0Y1kXt0wVaWfAspJ2ki34hnoZImeFwxiYFwr02gsFLCulld+W58sFDzJHlVcuWRIu81sbJXTqu25kjGUcaz8MkYnjc98RoFbECqKsAtEabHPewMGfbjjkC5abKq32gTu6ogAqjciRR5KKH7XphYpKLYHH1JCuI8QWePLS6Qv8AerVg1RS9xz3/ACxZdlc6urMWyhIu7BJNAEhmO/xUYB+HIGyXD0PN2zJvyHeqCQehr8cQmzmnh8jAkiTP6SepRISf1GHVpg2pmvZPjmWkbSkqlroDlqI/Zv2vhga7b8fnys+V0ShY3lcSgqp1KGi2sg1szciOeBebjmW0rvQWmjEemw66aBUKGFaS1nUfE1tVATvpbzRH1MMF+1WUuOlgQnY+V9cNvco2CWmoySZpcuZVXCnYtdepHQev+vOlM58jgP4vx8MuXiOXEjSRxzgu+lF8N6mI3ABset9cVidrp55O5l05dFbxtG1atjQEm+lSasgWB+FrQFpt8IP3R2FamTfpRvb1BxAXjmWEwy7S1KTpAZWXWa+6SoV/Lwk0bHMYg9lp37yVC8jKtFdZuvEeRJLHYjmTjP8AgnEQeKZmdtTRQ/WcwbHiTu9SgIfIgjwirIW/ZwjnVUbZlmuyNEy+PQVBGzURfuPXClmRRag0P2UP4ADf4YBY+18kMSTZmBQkhIHdPqdNrAZDXi26H4YN8s4YBgSQdwOX/W/Q4ZSTBPT2lPxbtnlsv/eLOD/6TD86xccNzizRJKthXUOt86YWL9cAf0m5gNKkV+xFqK/+q5AP/wARwRdgMxryUV801If5WNf5SMThqN6jizOCUUwlBx7hIwo4sTPAcLw2uF4JgQ7T8Mlnz+T+zJhiJdn+6GB1AH3lFH82JvEuysExJJdWLa7B+8G1A7318qxcZnMBeYLfwi8R/wC0YrAOpSTQBVhZPTlV4Rxi+Rk37AzB2LaIN3cofU2o6rBJoDmL8r95PniwgyyxCLvUJkhWeYBd9gQOnMkaaH9MWcvE49JMciO1gBdQsksF6bjn5dMSmzCLWooHrfxCx6b0SMItOCdobfKqZj3bnOv30cL84kDSA3TSy/aSHfmASFB6acDWuyDX/b3+ePoLMxQTLokWOQfssAfwOBziP0d5N7MeqFj+ybX/AAty+BGBKD5QYyV0yr7LZaU8OiMJfVrmIobXq0gtsbquX9MKlyHECiqpSNgwZmUOoer8LJRFG7I5HywT9n8p9Tgjy1NIV1nUgFEFy10W29oDFuk5P3HHvr/7Ym+nUpKV5HeryqwZ3wDsvmkzqZmV0PiLuQWs2D00AfC8V/Yvjmg/U8ybAoxSHmuoA1v0Nj/VY1OeXwsNLbgjl5j0xSr2LyGxOXXUABepugr9rntiqg65EU0mOzcByszyPLlYyxYeMr4nAVSDq5+n8uEceyKMIh9WMvduuhQPCtEb1dEADkcWc+fSM6NMhoCgqk7chv8ADCBxO+UMx+Cj82wWk/cVWs0UvanhzvDO4j1M8aIUrdikysAK35Fh8sDU/ChHkZMormNp80RH3ildSqEG+11fUDehzxoQzLtt3TLy3Yr5+hOOzmThmoSxxvXIOoJF+V3XwwNmMMLl5Mz4P2QeN5MrJKpGrLyFgpKkhr0qLuyBRboBvzxdcV7MMfrLSKkwnewACHQGQsADVDoLscsGScMhDawihgCAR6kE7cuYHyx4c0AfZf36SfywJaaZlLKdcGffSAe7hjJCxPU6qoPRmUijt+ynrvgbyGR7zh+WS6DTZmS/IqEQe/kcbHO8TVr07jk4/RhhH1bLsAumIgXQAXa9zQHKzguHyMp0uDEshEiZ2CtlU73RJKgsb6bmh8fTF79NcgdOHuopWWYgDoCISBjQJOxuRZhJ3ADDkVZh0ro1YY7V9iYM8sKySTRiAMF7srvr03q1K1+wPLmcFRdUCUkwX7H5WbMZbIzIUZY45oJFbmdLnRpNbNR5ny9cVvF8uzZtGlXRHdxxMfbOvSQ+wABIqq88H/AOyyZODuYpJGGsuDJpsagARaqNtr5c8VPGuwj5mUStmTGQAPAtmlJIolhW58sFKmm0FTxVl7l88izd1pZZHS1JWla/u3y1A/dxluW43fDc5MBpk+yhbmfEz7+I+14E/HGxzZNX0F92QhgeXiU3fzxnHGeyarlpISJQsmbmn1Ipago0JexpaNgemFcN0kbu7YsHO03H1kgj77K6TmFDiQSKxFAUUFWBdWG8264Ley2bzM6xSrmaBIPdRw1GVXTqRnIPj0itR38vTMM1Gv1YRgkss70xUi000AL5bgnT5sfXGhfRWsZVVLMsieFkJ/eLXR5DmficI/S0dEWtS2/BWduZy3EZ2Cml0R6ydqRfZA9CWN7n3dSf6KM5cc8W3gdWG1bOpH5p+OAfiPD8xmJHmigmcyyNJYjY2CxKjl0DnBj9HPBc3l55GlhZI3j5sVvUGUgadWrlq6YnBt6m6iMqUKNFXHpOPBjsdhzninFH2xzksUSvE2k6gpNA7EHzB61i3RsVXbBNWVf93Sfkw/S8Lqfi6Ojpa70d3FgZ2izubd444mlZjGpYKxG/UkAgfPA/LLJFNCZgVMUgcg9CrAk2PQYNU4I0sizawqiNQBVkkL1HKro/DD3aXstBNFJIC3eBC9g+FiqdRvsa6Hrit0q+B9ZJTePcrOL9vUys0kLZMsY5HUNrAumNGtBrasGXC8w88aSPCih1DD7TWaYWOSAHYjrjLO3vDXkzMjr7JVJB6holv8QcaV2KBGShRjbRroP8vIfKsc8ZW6Iyi0rLb6nFX92n+EY5oaHgYrXxFXvseW3lh4Y4qDsRYOxHmDihOyubikEbM0uYhBoCtQFAWfZsm9/wGGcv2sycsgiSTWzcgEavmQBjGuMwuszQX/dll95ViP0vE7gb9xmIGJvxKSfeaP4Yi9RjbcWae3Fpbc600hioCrRUpswJJNnV6CsO8R41loFWSegshGk6C27Lq6Anz3wA9oePNls1mYQikd93nMg/aIrnzv2vT44Z7aZ3vMnlJAbQNIhPr4XT/KW+WApu2UcVSoPcp2u4b92eJb52rJy87UYsst2hychATNZdidgBKhJJ9LvHz3pJBNjbffrv08ziZ2Ui157Kr/8AniPwDgn8BhlqCyhWWbD2p7QQNlcwsUgLoyQuFJDI0kvd862OzcvLFX2AM1yF8xNIiLWl2LAMzbEX6A8vPAfmyfqM0gbSZ8+8g82WJb2FEGne98X2W7V/VctBKsQc5h3ZwPCdEVJYG/3tXQDbpzxZSSTsk7tUaOJx78ed8CCaO3X3YDs19I2VWSNArtrq2C0EttO4aiaIN0MFQzFqwH7JP4YZOL4GpoSnFVJqmv3DDU2fhPtrfvUf1xHhLeQK0fh+uKvNsPP8cWWlFgL0PlwNZVFWr1EBepH6Yl5fRIAY3tf3WxnHaOQnN5FNR06I2I56tWYYG/MELWNEgATVSIgv7u1157DHNJxTaDtlySu6IGx3/es/qMeGNurfIAfneGRm92HQLqvp/rbAZ/8A6CUmZJYfsxoGpTuGf0Joiug364R6kUHaw2aDzZz7mr8qwtBW1MPx/riNleKxSBSGFMLG43HzwNdou10uXlziLGjDLwQzpZILd7LoazfIcxQw25C5CubLRv7aK38Sg/mMVn/hjKpIs6QhZE1lWBOxkXQdrrkeWKHgX0gpmUAVP9o0ktFvQKjem/ZvYE1zw3lO3xjykU2ZjPeO8qFYlAGqKQrQDvd0PPocZuPIzUkvgNu88gx+FfnWFeLy+Z/peATOfShBEoZsvmPaKEVHsdIb9uqIPQ9Pddl2S7dxZ+Ro445EKrrOvTuNQX7rHzwW6dCoLBj3HmPbwQERGxH4zHqy8q+aNXv0msLjbDt7YDyqHi9rTB7hnG4xDCCjW2lBSmrqruqo+vni3bNAMEKMS4onT4eR579aPTEPP8CjmCh3lAU2ND6N6rmvi5EjYjnh/hnB4MvqMakF61MzsxNXVl2PmcGykpRu8sGe00SrPCdgrRotdPs5D+jqPhi37H5q2mj8iHHx2P5LiRxiDvWj7sqWUOCAw5NpP6Yr+D8GzEWbWXSO7ZWV/ENtrBAvfcAfHEFFqdhck4hPNm0UkF0BC6iGYAhR94jnV9eWGk4pH3hiZtLih4gVDlhYCFtn5i9N7mue2BXtRnGWQprZcw4IjWMXqj1HTzA32BO9AruaOKXKdkMxmYiJkfeQEd87aljQbILNrZLbrXTfyfc7FUE1yRPpBy6xZ8sdu8UOPiCh/FSfjgaz0tMPFYoEeYJAJHzwcfTPkR3UE4+6zRn3ONQs/wAh+eMxysLv/do7n9xS35A4nKPqFvFBj28iV81G3PvstEyty8YtfXnp/wBViuyT97w/NRc2gaLMoD0Ct3ch9wWTBbl+ys+eymT1kwPCGQ94h16VfwALttpPM+XvxdZD6OYI+/PeSM08UsRB0hAsw38NXsa+90wVB2NuSiZXkslYkjJp9Gw5lmNmvTp8hzw92CQjiMN/+X3rN6d3DIfzAwWTcOaHLmbwlmfWRqIpAFbRvdnUWG1DAn2Yl+1zkqD2cnmnUepTSv4thIXeSmq4v8S64pEi5XKRAsQI3m5VYnlJW/WlG1YY7XzBJky4A05eKOKumrTrY/4mI+GNMHZTLMIS8ZLxRxoCGI2iGwq6Iv064gca7AZad2k1yxu5LEhgwLE2SQwJ+AIxScZSVEfSZXkQs83cikLRuLPV1tlHzH5/Er7CIYsxNbWY4JLFk/eU/wCtuuHM/wDRnOjd5BJG7KbW7Rtjt5j8Riw4DwHNJDnnlh0zSJojQEG/CSaKkggnSPhhIRakhptVSJs/axIdLOwGpgo2JJJ5f98O5njUP3gD60R+mM/4hwTPsYj9VmKxuHYaG8XiA22321fPDmf4ZmyxP1WY/wDtN/THod2KfBKmWPazMf7fk3UeAwwV8cxJ+ONA4txBY0mZatCQRdeOgQOXWx88Z3x7hucd8kI8tMVjy0OqkbwuXJYHbYil254uPpT4gYxHRIPek7eQQg+u2oEY46uTK3hIlcF7SNLLoCUojkLX5pHyv4cvX0wIHOQRZzvZ0Lx0BoCghtt7sgULB68htif9HmeaT6wz/wC7lP8AkH9cU/EMsczMI4ULSAsKJA1AKORNbimJv0xHVW2S+gbrTvya4MlHIVI3iCRlF0igGO293VDltzxW8W4dCJp9lDtlAlb3oRyeWrTQP7t+uL3JMtIAw1aEBQadivPlvty2NCsDvaXM1ntA1eLJzbaRR2ZltibB8DbAHn061cVTMn6lYL5XLmLMrMgjFRmJlUadSgbHYVewF9QN8L7TQRtlISKFySsxO+h3ZWY7+Wo4Gs9xR2y+pDZLJS1d04bffcbYtIjJPw5aGqQzyeFTvZSNtIJ5HpfTHLCclCn5X6o69drbtX2UnanWYQCdQQi2UMELFmAFHw2AL5nnVDFz9DTVnXH7ULfg6YpuMNGwkMbto0rSPISbBoFbXxKqgC7POxgn+jfhvdZxH2+0hYiiepB3257DHQ5XNHLOG1Ua2Tjrw2Tjy8XJEJDh5cRVOAL6Se1GbyksawFFWRCbKamDK1GrOmqK9OuEuh6D8Zbe2kY+gNf8NYg8S7RZLLWJJUDKLK3qf3lVtvicZLDxzOZvI5oPNKzwtHKGU6dUZtJEOgAUNSvWG/o54dFmJjDIHpQZTpHMrQAY0a5sffhXLwMkryGr/StAZAkcLlNQBdiFoEgEhRZNCzuRjQln/wBCz/y4EOH9nOHwnvIsqGYnUGks0TvsHvTXoBju1vbgZJYqhMjShiCGAQFCAwJ3NgkbV154dSxkVoMhMt1YvqBzHv8AL44p8z2xyCNoOZiLcqVtW/qVsL8SMZ1w7t1xCfMw7xrGJELxRqLaMuAwJa2JqzsRgO4vke4zksOmwkzKF811+EfEV88Bz8A2mnca+lHK6V7qAz3vTkKFINb7Mb6jbr0wTdiu0P1vKiYqEbU6MiWQpQ7f5Sp388Z9x7gaRQvI8GVEdVaGpFaqBoEj2jsoP3d/MRuK9tM3DlMmMu0caSwUWWNdfewt3cnO138B9n72ApO8jShRsU0zfd8PmziwBXowN8sVScYy88jxR5pnZBbLETSi63aNdt+hN8/LGP5bKS54O2ZzczFdljCtKzNoDFtOoJGg1Cya51thrsZmnyfEYQxKhnWOQAmiso0ix1A1g78qwW80wJYs3aIRhQpogbeL/wDrCYeG5dSXSGFWI0llRQSCQaJAsjYbemBqftVmAxXRGCpKnmd1NHriJN2lzR5Oq+5R+t4utGQ3bkw4GVToK9xI/I4WMvzpmH49PUHA8udkeAeMhjFG9jYkhyjmx0O22GEy7MPEzH3kn88QlKnVBjpN+4UPKq+06gepr8zjpH50Lryre/j7sCM/DhXLEvMnM60dM1DBCEjZ+8QMWOkXZJUKNuhwFqXhgnpbQgUn9kj5f1xwf91vw/riFLx7LgIQ4dZG0KU8QLbitQ25gi/PDseeV4yy8gG59Ch3v8D8caOrBvankRxfgmRk/sn8P64AO3/ZHM5ySMwmIKuq9TEe1p8lP7OJfaLtm2WQOojkJOnR3lEk35Xtt5Yj8W4iRmFbvH0uiuEYnSVdQa0k0Oo5YtBb3XgyTTIfZLspHlJJO9zkcjtEyNFELZQxBLcySRRA8I5nF52a4TkjIZoEfUpYEyg7l97Ck7D2hyHPA5wrhRjzJzAVVDIQVTZQTQoD3C7PUn3YsshIwXMJG7KxQsrL7QMZ1fEldQ+OC9FU5VlBligzzXD0Zu8UIsoHhcrqr3gEXtY5g788U3FuzskvEYM2Gj7uKJ43VrttQkG21V4xzPnhqPPMgj0rJKzIGLvK2m9wdiWo2DsBiPxTjOZQLpidy9gd1GzaaHNjv57bDr5YjhK6CoyZA4n2UzeZpXOShRRUccQYhOXXQATtzoc62xx7Lz5TLRon2rifvSUUbAgDkxAPs9cXvZ4TkGSVZA24p22NEHUEvwg+6+YxMlzRb/X6YRwjX2aTldAhB2UgjKjMSEiXwCJbAYhSxXXzqgTQ0+z1xI7O8HzMWaS4/sYhIgk1g6k0+A6bsE35dPjil7d8YFvlzRcaZIbBpWogBt/FZ1gHkCV54KOwXGO+yq96AjqKZeVCyBsTYG3I+mAmpSDK6sK8dhj62vT/AFeHVOLkyvGBrtbwJMzNktYtVlcMPNTEXr3ExKMEinDHEIyQhXmsiH4Fgrf5GbExyNmeFRCMIqIkPiWSMKFVo5FKsNq0nfVfocD3Yfh7ZKfNZQgVrSWNz9+JrUC/MaSK8ya54I83nhDYlBaNr8dCgOoazX9bAom8B3aPjH+3QGIqi5jLTRrMXBUsxNAgbApKi9TfeVg1WTchf2jyk5y0oyxqWho3q/ECRZ2BK2AfM9OeATtHw2Q8NZZLMuWdJaNWFkHduNumqn/HB/2f4ymZy0c48IcHUL9llYqwv0YHEXL5YTd/FMg0yK0eoCrR7HOue4Fj9gegCSXqQy/FmRdl55NUgjR2tftNAttJvrR09fTbE7t7lGkzSSqh/wBoy8UzA9CF7tgemxQX78adwnL5eKMIkSIiE+He9QO5NjxH1N8hgQ49lB3BLMyiDM5iG25PHM3fKNTcwLYA3Vj0xZ6VVYkZ3g97NOmY4fmTmHBMK6DqoUrbq23r152uK7jnC4/7N+z1fYTiTxEMQswCMAQOWoJfre5xfdnezJXLMJY2dnQpoSrI70SqSxbSKK2NW41Hzo2OV7IuY5h9qgkhaMRyNG3iKgq5MYALB1HOzXXpgNJKkiknfIMfR3ls2pMjGOPKSMdRkALOdNARj2tyq30obWcUfFMsrcTEErDu3lSNWh20pIQqFbumBIJJsk2Td71K5+ZpBITqkXeyoJFCt9uQBPphjI5vu8xFM5sJLHIxJ3IRwx9b2OJ2mBqsGldqeED+05JJGYRBI5iR+8StXyA1oxPv9cXOa4HI2WEuXIMmjXodfa60CCKattxVjmMXPa3hQmRiD4jE8SgfeLlSu58tLV/EcU+b7RJlI376WPvjGFSJPFoKg8yLAJJG19DuRypFuLbs3cdKiDwfjTfU1mIBkGWzdJZAb6vKJKrmNq39cQOB/SQjOqzw92h5urFq256dNkXWO7Dx99BHqNkT5qI31+tZZSR5c8Zdl3FCzXK9sQeXY8ZtGm8V+kIxyzRiNZVD+BtYA0aRt4VN72ef3q6YfDLnPquYkEYMkDKfDekwZhh4dV17Qv4Yy6TTexJ961+pxo/YmVWyuVOgv3WYzEJFWftVjkHIgDxUbPS/PE5xuLDvuRd8TeNISq0aZXGs1bKwIqjzJHLl0xP7M5lgmcVqIV9aFrCMroFoGuQKcwOu3PDQ4WkyzpLl1CrNcYcXf+zqpo2aAZn3B2INYj9ixIELSuzPHG2WkB30yQTKvPmbVgwNcjgaelskpf7NKSl6RztBlw0aNOsehHBqmoet7UB125WOuKjjscuYTLSxaFpZYn32+zIaMKWAskMd/TBsXBwP/SBB3mQkrnC0cw9AraWPwVifhjp05Nam6x5w2w+iLneJpAgjLFnEYI2JDEKBZYChZw1w3i0ayRE1epQwA+63ha/IUTzwMcV4vHKqSjVQBibahXtIbHU72PT5xMnmpswmiCJ5LsExoWHlzHhHxYY63NUU6Vw9Sm1lGp8BoxNGBRy80kBH8JBB+IYYseD8Wgk7xUcHun0OTQGoi6Bvfy94OKzJSZhTO0qsC0EUwU0dEgjIkUEWL1C/jgE+jHLR5hM1BKzBT3EtqQGtS45kH9oDHK21hHHjaa42cjBoutnpYwJ9tp5ERDBZcvakGhYUjfeiTq2U3ZrbbZjiXB4I1VcvIxkLqnjexpfnZC31GGuEcKZQ0WYBSOc0oJDVKNWkhrrxKDtXQXzrEXOV7WhowTjaYIZviKZ1e9mKpLCukDTfjU3utXoOxN7LfruW8D4qCokfdD4DsQabbZALAPlV6tHrgI7Q8PmyuatidQVQrE7SJ4rNjmAAFNm9xe2DjsflpnhBMCEMbBJ0kAnmNiB50AKoeeFTe4SUbp3wTc9GyaixEkkQD1yugQGG5oEGv5sEvCM+JoUlX7wuj0YGmHwIIxS9puGSiJZYmPeRpoYCgrqfMcqG+3rz2w32HzG0sXi8LB11+1pcfoVI94OLxtMeXqjZbo2HTuMR1w6rYyFY1mcl3ilGcgNYOkDcEVW94gZXshkkjjjMKyLEWKCXx0XILbHY2QDy54nxpIfak+CgD8TZ/HHnEXSOMswLAVd7nmB948hz+GGcr5FofJWqSiF6Ly9222Ex5RmJZgQenoNv1wp5tIJLaVAsnkAB+WKr/wAUZQgEZhGvys9a6A1gWkGmV2b7O5767K8UsawOQ41liVYgagIwQD4gTZPX0wTcL4UYwTJIZWaiSygKCt7qu+nn5nFL2l7VHJyJH3YOtGcMz6FGnYjkSTy+YxC4T23JglnnRQI5USks+FwaazzFg77bfiXr/wBrZtjasNy4H/TC1vyrAvmu2MC8m11Xs78yORujsbw3wXtYuYlWIKVLBiDYI8IJ8uoGJ9+DdIPblyRsn9HMK5iaZppGEveju1pVCTAgqTuWoNsduQ22xecO7K5DL0yZeIMPvuNTf4nsj4YtDfma8h/Xn+OPbCgmhsOdb/PFEkJbZV9qckc1lZIIyQ7AaGrZWVgwJJHLajVmjjPovoenPt5uMfwxs35suNC4L2khzVmLXQrdkKiyLoXzNYdk4sei/M/oMZx8jRjJ8FJ2c7DHJxqgzGsjMJPZTQPApVlq2u1PphiL6K+HWSxmeyTRegLN0NKg1i6OddiBdX5DEZu2GQiZo2zkYdGZWDarDKxBG3kbxqQ0oSjyKy30e8MTllVb+N3b82rHnHuFZfL5eoBDltMmsUgCmTQQpKjdtwoPMkCseDtlkX8IzeXOrYCjZvbbfHHtHlo3ZNGlkYqSEHNTRog4DqhYqTeCuh4pm5Qvd5SQhiPtn8IOmlLNCaKgjcBTe2/mSE8N/vSiIplKs1CiXWvESLskAD+UY84Tx+PMLqiDFbrUUIG3qcTH4lGGEepdZulvfYXy6cutYyjaM90ZZ5K9uGykVsPUHcedetYYi4RI4kjmFxyK8bbiyjqRW3leJhzOZMqjRGIvvEudfI1ShdI3rmx64sIpz95QPc1/mowO2rsd68mqKPh/Y3IwqAIFbTRBluSiOtPag+4DF6hAFAbdABt/TFZnc9Dl/FLOkerkZSvn0Jo/j1w5l+KQP7Oajb+F48MTpkuTL6mDEkAKy6bFNqrc7XYraj1OM14V2QzWRXOz6owoglEekktaMHRiCtD2OV9caVFpaiJC3ubY/LbDT6pQyMgEbKVPislWFdBt88ZoydGNdjePxQyyPmCzaoiFbdmDKVIAvodNdOQ5DD3Fu0b5meNVdu5hk1KyqdZAI8Wk34+YUVzYA3jRct2F4fHyyyH+Ml/wYkYusvko4wFjjRFHIKoAHwGJdv3ZTuVwQP7OjzcMLZmEavDJob7jlfEPUXYrkdse8c43DlIixVmKqWEcYFkLV+SitQO5ut6NYnypewYgddJ/XmPhhjMcLhkCBl2RiwANblGQ3XMEMbxSvBIzDiParOZ5aiDItpSQ2SWNNpZhRYCmB5Kdthgs7E8InitpYhGTqHtDcFi1BRYC2drN+mCXK5aDLqI40SMdFRQOfoNz78Pd4fKvf/QYCjm7Hc8UkVy4WMeAYWuMYWMN59VMT611JpJZfMAWRWFjCwOmCADe0/G8vNw+Riz6GKqpXYs4YEAE7HYWfS8Qex/E8kk+hFVXkUaDvR0kmi1Vdda+7ubwB8YXMRrHBN4dCllWwR4mIs0SL2rzoDDfCM0IsxHKLqNw4B5+E2Bt58vjeOa7aZa6TRpH0nZfVlMtMQCUYBvUOlnfyJQfPFFl8kTw/N0FW1gYKt845BbH3hwfdgn4nH9Y4LbCj3QkAv8A3batv5V/HFHwPi7ZlcxCI1AOWkYDVbkxslDlVXY+W1YM09wIP00wdyiMQEoWzAA+vSieQvb44IuzaGLPxRmgUcqeVnUCu/n7Q64pMnlmCs8a+ILqRrsfaFQlWaNNz26jnh/s1E9QzmrTMxL711izy56tunLHNFO0/ku2qZtOGc89RSHyRj8lJxn3Hu003eOgkkRo5ZEAAXToDUGPmasDcEEA+mJvBu08mYd0cUO7lYCwVorybbpWx8mN49Xtz5o4seQP7G8XzryRiJbSNk1UOhYbc+ZGr5E40risyQ62kYKindidgCdvzGA7L5gZUQHu102dWhi0j+E1pQUzb1ZPQdcTu1XEUljScy93G0etI+7tjPG5H3tyFIXYAed77JqTa5dl9L8qRdDikQCMGDB5FRaO7MXC18Dz8qxivHiTnczQs/WJqFXf2rdOuD6AxGfLtPoZp5EeNyvsMHTSqgWfETe+wLEn0Cs8U77On7UymabSI6oDvWJLbEkegxJS3B1QizfCoYY8ghB+sTTxSXsfAzKCuoCqBIFXz3o4p+MAtnMwfPMTH/5WOLTLdn2gzvD1eQO8kiSGMA+CnBbqQRY3O3IYrcwwMsjfeZ3IHnbE/jeE1m0h+n2vUW7i0aDwHOscr3Qc3GsbbbfZutD5MCf5sSMvljDmModiZXcMKNohicqfiR18wMDnAC0M2XMgZVmR4GDAgr46Gx5c4zZ8jg4ypWSRS4qWNtJ8m2PT5469Ce6DSxX7Eut01DVu7v8Aczftfx/PLmpYo55QqyOAE6AbgbC6AxTZ7O5xJSrZjMsAxAYu+llN0w3qiNxgmziTHi06xIXAfU4rbT3YO5PI77ed47tPlM1LGDFCzKrEvQN8qACkBjW90Oo571wtyyvs9HtwU4ytL8X/AMO7ZZmaRuHJDbO+UQ1+13lWDexHh3varww+XJYmFBKYgRK3eADvKOpEtfEFA2J9PLBLwzgmtcvKdayx5KGMCwNPh1EFSLs3Rvl5Yr4eHp3ZSNFCyA6l0kbEXvp5qQCKvpsegooSnwcblGMnfycma4bw6ZZJc1NLMF1LGqWNMi2LoVZDWNTjniPxH6YjVZfLGvOV6/yJf/Fip7b8AMucyUcWwlhEN7kKMszBmJJsgRlTufu88VPDsxGsZ+qQu7ITIWlijkLigiqUvZBbN4QSNrsC8O3twc6W7LDz6OO2GYz0syZgoNKo6CMFaGoq+9lj7Scz0xofdjy+e+MH+jXiGniUTGh3weM6QFHiXUNgAB4kXljeScOmIxJx4wsVv8Nvxx7j3BMNRxheQAwo49Iwk4wCGMLU4ZBwoNgBHbwoNhnVhQOCYzjtT2Ozc0uuNNXicblVAQsWB3a63PTEbIfRxnRdvAlityWIv+Tb4HGmtnTZAjc112A/O/wx3fyn7iD3sT+GkfniUdOKwO5SZW8J4W2XykeWkJmsmMlVJpZSw9aVVar5Vij7JdkMzBIJJGAGlwVBG5ZCPZFg7kdcGQzJUePcnloU/wBThteISE7QkL5swuvd/wBcNKKYE5FBlOzT0AVA2AosNgCCPZHmB8sS8n2W0KFDKADfVt7vrWLQZ6U+zD8WevwCnD8bTHmUHuBP4kj8sRXTw+R3qSMt7VxEZ2cAG9d7fvKG/XErsxlZEaaRo5Aoy8u+hqJobDY2fQWcaZ36g1e/WgSfwwozCr8X+E/lV49J9R6NtHOoZszrhr5bWJ3acMAqn7KTfxg73GCQN9z0OLbNcFXN9yoDNEmYDsWFXFJGWdaIG3eIoI3sHBeuYH73+Fv6YWZwBdMfSj+uOdtMruknZTHgJ1KsceXiijkjZaj1MQjazQ2VGsUCAeZPvwoyxfXZRLujzyK1MV0hpjbbWTpG9UbrH0Ykrk8lUdbsn9K/HDZfL+cPzXCOKDvfuDHDs8mvKLl5WMNAUGDalRdKijuqmtW1HYCt8Z3/AOHc2ZEb6vOPEtnun28XPl0xtqSwKDpMQ/hK/wBcejNqeW/uIP5HGnFSApNGW8dhzMgW4Zdnmqo35GTY8uoAODXhOWM3dZhgVYhWZSKIddm2O9Ei/ji/78eTfLHh0sQaO3mCMbSXbbaZtSW9ZRWzKRI1KdyCaHM0PnhUiMeQJxa6ccCBzIGKWbcU8syq7k0CAL8zSjn8sA0c9MpFhSgFgAhSHBO/sk2Aau7urGNJ76In2oyfet4QMlAVKiOPSTZAUUSeu3XCxdMzkn7GWdukL8NhlHNJpFYg1aTM/lzBKr6HA52H4g8cjRgkJMrJaqpYPpJQmx4gG6E9dvXX+13BonyE0Qj206gqbG4zrGn1sfHGY9ley3EY5kmhy5UpZDTUq2UKk6farckbeXPrOSt5Cpe6KOXJS5HMxd4ul4WimIB6Bg1HyJA5HeiLx9EXtty/TGezfR/PmZTNm8ymtq1CKO+QoeJqA229k4PctDoREstpULZ5nSKs1te2DEVjy4VhAx7hgHMcIOFHHlYxitx6DjsdjBFYUuOx2MYVjhjsdjGFjChj3HYxj0YWuOx2CA9Bx6TjsdhjHowoY7HYUxxwkoPLHuOwQnoUeWOIx2OwQCcKrHY7CmGDlU/ZB94xwy6Dkq/IY7HY1GF92PIY4oPIfLHY7GMJCDyGPJHrHY7AZha354447HYxjhj3HY7AGPRj2sdjsYx//9k=\" data-filename=\"fo.jpg\" style=\"width: 255.99px;\"><br></p>', '2021-02-18 11:18:42');

-- --------------------------------------------------------

--
-- Struktur dari tabel `tb_produkdetail`
--

CREATE TABLE `tb_produkdetail` (
  `id_produkdetail` varchar(20) NOT NULL,
  `id_produk` varchar(20) NOT NULL,
  `ukuran` varchar(255) NOT NULL,
  `warna` varchar(255) NOT NULL,
  `harga` float NOT NULL,
  `stok` int(10) NOT NULL,
  `gambar` text NOT NULL
) ENGINE=InnoDB DEFAULT CHARSET=latin1;

--
-- Dumping data untuk tabel `tb_produkdetail`
--

INSERT INTO `tb_produkdetail` (`id_produkdetail`, `id_produk`, `ukuran`, `warna`, `harga`, `stok`, `gambar`) VALUES
('PD-20210218110111', 'PR-20210218105444', '5 x 2 m', 'hitam kuning', 100000, 10, '1613643827.jpg'),
('PD-20210218110201', 'PR-20210218105533', '-', 'hitam merah', 20000, 100, '1613643844.jpg'),
('PD-20210218110248', 'PR-20210218105653', '-', 'warna warni', 1000, 100, '1613643859.jpg'),
('PD-20210218111018', 'PR-20210218110643', '-', 'kuning,hijau,biru,merah jambu', 2000, 100, '1613643019.jpg'),
('PD-20210218111107', 'PR-20210218110801', 'bebas', 'bebas', 1000, 100, '1613643067.jpg'),
('PD-20210218111201', 'PR-20210218110910', 'custom', 'custom', 20000, 100, '1613643122.jpg'),
('PD-20210218111911', 'PR-20210218111518', 'custom', 'custom', 1000, 100, '1613643551.jpg'),
('PD-20210218111957', 'PR-20210218111719', 'custom', 'custom', 5000, 100, '1613643597.jpg'),
('PD-20210218112029', 'PR-20210218111842', 'custom', 'custom', 50000, 100, '1613643630.jpg');

-- --------------------------------------------------------

--
-- Struktur dari tabel `tb_profil`
--

CREATE TABLE `tb_profil` (
  `id` int(11) NOT NULL,
  `jenis` varchar(255) NOT NULL,
  `nilai` text NOT NULL
) ENGINE=InnoDB DEFAULT CHARSET=latin1;

--
-- Dumping data untuk tabel `tb_profil`
--

INSERT INTO `tb_profil` (`id`, `jenis`, `nilai`) VALUES
(3, 'Nama Toko', 'Marketplace Toko Percetakan'),
(24, 'Alamat', 'Padang'),
(25, 'Bank', '018293723-a/n Juni BRI'),
(26, 'profiladmin', '<p>Selamat Datang Admin</p>'),
(27, 'profiltoko', '<p>Selamat Datang Admin Toko, Silahkan Pilih Menu untuk melanjutkan proses</p>');

-- --------------------------------------------------------

--
-- Struktur dari tabel `tb_toko`
--

CREATE TABLE `tb_toko` (
  `id_toko` varchar(20) NOT NULL,
  `nama_toko` varchar(50) NOT NULL,
  `email` varchar(50) NOT NULL,
  `nohptoko` varchar(15) NOT NULL,
  `kodepos` varchar(10) NOT NULL,
  `alamat_toko` text NOT NULL,
  `tgl_daftar` date NOT NULL,
  `foto` text NOT NULL,
  `latitude` text NOT NULL,
  `longitude` text NOT NULL
) ENGINE=InnoDB DEFAULT CHARSET=latin1;

--
-- Dumping data untuk tabel `tb_toko`
--

INSERT INTO `tb_toko` (`id_toko`, `nama_toko`, `email`, `nohptoko`, `kodepos`, `alamat_toko`, `tgl_daftar`, `foto`, `latitude`, `longitude`) VALUES
('PT-20210218044528', 'Radita Printing', 'raditaprinting13@gmail.com', '083180572398', '26191', 'Jl.Blk.Olo No.42,Kp.Jao,Kec.Padang Bar., Kota Padang,Sumatera Barat', '2021-02-18', '1613641529.jpeg', '-0.43322627194894553', '99.97721073169294'),
('PT-20210218044915', 'Jufa Percetakan & Stempel', 'percetakanjufa1@gmail.com', '081534091729', '26191', 'Jalan Khatib Sulaiman No.50 Padang', '2021-02-18', '1613641755.jpeg', '-0.4393646', '99.9742294'),
('PT-20210218045123', 'Percetakan 1_SMAEL', 'percetakanismael12@gmail.com', '081356821572', '26191', 'Jl.Belakang Olo No.39,Kp.Jao,Kec. Padang Bar., Kota Padang,Sumatera Barat 25111', '2021-02-18', '1613641883.jpeg', '-0.4393646', '99.9742294');

-- --------------------------------------------------------

--
-- Struktur dari tabel `tb_user`
--

CREATE TABLE `tb_user` (
  `id_user` int(11) NOT NULL,
  `nama_user` varchar(50) NOT NULL,
  `password` varchar(30) NOT NULL,
  `level` varchar(30) NOT NULL,
  `status` varchar(25) NOT NULL,
  `id_pelanggan` varchar(20) NOT NULL
) ENGINE=InnoDB DEFAULT CHARSET=latin1;

--
-- Dumping data untuk tabel `tb_user`
--

INSERT INTO `tb_user` (`id_user`, `nama_user`, `password`, `level`, `status`, `id_pelanggan`) VALUES
(1, 'admin', 'admin', 'admin', '-', '-'),
(33, 'ajijiyy', 'admin', 'user', 'active', 'C-20210216044748'),
(40, 'raditaprinting', 'admin', 'toko', 'active', 'PT-20210218044528'),
(41, 'jufapercetakan', 'admin', 'toko', 'active', 'PT-20210218044915'),
(42, '1_smael', 'admin', 'toko', 'active', 'PT-20210218045123');

-- --------------------------------------------------------

--
-- Struktur untuk view `faktur`
--
DROP TABLE IF EXISTS `faktur`;

CREATE ALGORITHM=UNDEFINED DEFINER=`root`@`localhost` SQL SECURITY DEFINER VIEW `faktur`  AS  select `tb_faktur`.`no_faktur` AS `no_faktur`,cast(`tb_faktur`.`waktu_penjualan` as date) AS `tanggal`,`tb_faktur`.`id_pelanggan` AS `id_pelanggan`,`tb_toko`.`id_toko` AS `id_toko`,`tb_faktur`.`nik` AS `nik`,`tb_faktur`.`id_metode_bayar` AS `id_metode_bayar`,`tb_faktur`.`ongkos_kirim` AS `ongkir`,`tb_faktur`.`total_bayar` AS `total` from ((((`tb_faktur` join `tb_detailfaktur`) join `tb_produkdetail`) join `tb_produk`) join `tb_toko`) where `tb_detailfaktur`.`no_faktur` = `tb_faktur`.`no_faktur` and `tb_detailfaktur`.`id_produk` = `tb_produkdetail`.`id_produkdetail` and `tb_produkdetail`.`id_produk` = `tb_produk`.`id_produk` and `tb_produk`.`id_toko` = `tb_toko`.`id_toko` ;

-- --------------------------------------------------------

--
-- Struktur untuk view `faktur_jual`
--
DROP TABLE IF EXISTS `faktur_jual`;

CREATE ALGORITHM=UNDEFINED DEFINER=`root`@`localhost` SQL SECURITY DEFINER VIEW `faktur_jual`  AS  select `tb_toko`.`nama_toko` AS `nama_toko`,`tb_toko`.`alamat_toko` AS `alamat_toko`,`tb_toko`.`nohptoko` AS `nohptoko`,`tb_faktur`.`no_faktur` AS `no_faktur`,cast(`tb_faktur`.`waktu_penjualan` as date) AS `tanggal`,`tb_metodebayar`.`metodebayar` AS `metodebayar`,`tb_pelanggan`.`nama_plg` AS `nama_plg`,`tb_pelanggan`.`nohp` AS `nohp`,`tb_pelanggan`.`alamat` AS `alamat`,`tb_produk`.`nama_produk` AS `nama_produk`,`tb_kategori`.`nama_kategori` AS `nama_kategori`,`tb_detailfaktur`.`jumlah` AS `jumlah`,`tb_produkdetail`.`harga` AS `harga`,`tb_produkdetail`.`harga` * `tb_detailfaktur`.`jumlah` AS `total`,`tb_faktur`.`ongkos_kirim` AS `ongkir` from (((((((`tb_faktur` join `tb_detailfaktur`) join `tb_produkdetail`) join `tb_produk`) join `tb_toko`) join `tb_metodebayar`) join `tb_kategori`) join `tb_pelanggan`) where `tb_detailfaktur`.`no_faktur` = `tb_faktur`.`no_faktur` and `tb_detailfaktur`.`id_produk` = `tb_produkdetail`.`id_produkdetail` and `tb_produkdetail`.`id_produk` = `tb_produk`.`id_produk` and `tb_produk`.`id_toko` = `tb_toko`.`id_toko` and `tb_metodebayar`.`id_metode_bayar` = `tb_faktur`.`id_metode_bayar` and `tb_faktur`.`id_pelanggan` = `tb_pelanggan`.`id_pelanggan` and `tb_kategori`.`id_kategori` = `tb_produk`.`id_kategori` ;

-- --------------------------------------------------------

--
-- Struktur untuk view `relasi_detailfaktur`
--
DROP TABLE IF EXISTS `relasi_detailfaktur`;

CREATE ALGORITHM=UNDEFINED DEFINER=`root`@`localhost` SQL SECURITY DEFINER VIEW `relasi_detailfaktur`  AS  select `tb_detailfaktur`.`iddetail` AS `iddetail`,`tb_detailfaktur`.`no_faktur` AS `no_faktur`,`tb_produk`.`id_produk` AS `id_produk`,`tb_kategori`.`id_kategori` AS `id_kategori`,`tb_toko`.`id_toko` AS `id_toko`,`tb_detailfaktur`.`jumlah` AS `jumlah`,`tb_produkdetail`.`harga` AS `harga` from ((((`tb_detailfaktur` join `tb_produk`) join `tb_produkdetail`) join `tb_toko`) join `tb_kategori`) where `tb_detailfaktur`.`id_produk` = `tb_produkdetail`.`id_produkdetail` and `tb_produkdetail`.`id_produk` = `tb_produk`.`id_produk` and `tb_produk`.`id_kategori` = `tb_kategori`.`id_kategori` and `tb_toko`.`id_toko` = `tb_produk`.`id_toko` ;

--
-- Indexes for dumped tables
--

--
-- Indeks untuk tabel `tb_detailfaktur`
--
ALTER TABLE `tb_detailfaktur`
  ADD PRIMARY KEY (`iddetail`),
  ADD KEY `id_order` (`no_faktur`),
  ADD KEY `id_produk` (`id_produk`);

--
-- Indeks untuk tabel `tb_faktur`
--
ALTER TABLE `tb_faktur`
  ADD PRIMARY KEY (`no_faktur`),
  ADD KEY `id_pelanggan` (`id_pelanggan`);

--
-- Indeks untuk tabel `tb_karyawan`
--
ALTER TABLE `tb_karyawan`
  ADD PRIMARY KEY (`nik_karyawan`);

--
-- Indeks untuk tabel `tb_kategori`
--
ALTER TABLE `tb_kategori`
  ADD PRIMARY KEY (`id_kategori`);

--
-- Indeks untuk tabel `tb_metodebayar`
--
ALTER TABLE `tb_metodebayar`
  ADD PRIMARY KEY (`id_metode_bayar`);

--
-- Indeks untuk tabel `tb_pelanggan`
--
ALTER TABLE `tb_pelanggan`
  ADD PRIMARY KEY (`id_pelanggan`);

--
-- Indeks untuk tabel `tb_produk`
--
ALTER TABLE `tb_produk`
  ADD PRIMARY KEY (`id_produk`),
  ADD KEY `id_kategori` (`id_kategori`);

--
-- Indeks untuk tabel `tb_produkdetail`
--
ALTER TABLE `tb_produkdetail`
  ADD PRIMARY KEY (`id_produkdetail`);

--
-- Indeks untuk tabel `tb_profil`
--
ALTER TABLE `tb_profil`
  ADD PRIMARY KEY (`id`);

--
-- Indeks untuk tabel `tb_toko`
--
ALTER TABLE `tb_toko`
  ADD PRIMARY KEY (`id_toko`);

--
-- Indeks untuk tabel `tb_user`
--
ALTER TABLE `tb_user`
  ADD PRIMARY KEY (`id_user`),
  ADD KEY `id_pelanggan` (`id_pelanggan`);

--
-- AUTO_INCREMENT untuk tabel yang dibuang
--

--
-- AUTO_INCREMENT untuk tabel `tb_detailfaktur`
--
ALTER TABLE `tb_detailfaktur`
  MODIFY `iddetail` int(11) NOT NULL AUTO_INCREMENT, AUTO_INCREMENT=15;

--
-- AUTO_INCREMENT untuk tabel `tb_kategori`
--
ALTER TABLE `tb_kategori`
  MODIFY `id_kategori` int(11) NOT NULL AUTO_INCREMENT, AUTO_INCREMENT=9;

--
-- AUTO_INCREMENT untuk tabel `tb_profil`
--
ALTER TABLE `tb_profil`
  MODIFY `id` int(11) NOT NULL AUTO_INCREMENT, AUTO_INCREMENT=28;

--
-- AUTO_INCREMENT untuk tabel `tb_user`
--
ALTER TABLE `tb_user`
  MODIFY `id_user` int(11) NOT NULL AUTO_INCREMENT, AUTO_INCREMENT=43;
COMMIT;

/*!40101 SET CHARACTER_SET_CLIENT=@OLD_CHARACTER_SET_CLIENT */;
/*!40101 SET CHARACTER_SET_RESULTS=@OLD_CHARACTER_SET_RESULTS */;
/*!40101 SET COLLATION_CONNECTION=@OLD_COLLATION_CONNECTION */;
